head	head_label	relation	tail	tail_label	doc_id	title	sentence	created_at
ഉഷ്ണമേഖലാ	CONDITION	affects	കരിമ്പ്	CROP	5	Crop Classification Based on Climatic Conditions	ഉഷ്ണമേഖലാവിളകളിൽ തെങ്ങും കരിമ്പ് ഉൾപ്പെടുന്നു	2026-05-18T13:31:38.701925
വിളവെടുപ്പ്	PRACTICE	applied_to	വഴുതന	CROP	8	വഴുതന കൃഷി സിമ്പിൾ ആണ്, പവർഫുള്ളും	വർഷം മുഴുവനും വിളവെടുപ്പ് സാധ്യമായ വഴുതന ഫോസ്ഫറസ്, കാൽസ്യം, ഇരുമ്പ് തുടങ്ങിയവയുടെ സ്രോതസ്സാണ്	2026-05-18T13:31:38.715000
ഫോസ്ഫറസ്	FERTILIZER	used_for	വഴുതന	CROP	8	വഴുതന കൃഷി സിമ്പിൾ ആണ്, പവർഫുള്ളും	വർഷം മുഴുവനും വിളവെടുപ്പ് സാധ്യമായ വഴുതന ഫോസ്ഫറസ്, കാൽസ്യം, ഇരുമ്പ് തുടങ്ങിയവയുടെ സ്രോതസ്സാണ്	2026-05-18T13:31:38.715000
കാൽസ്യം	FERTILIZER	used_for	വഴുതന	CROP	8	വഴുതന കൃഷി സിമ്പിൾ ആണ്, പവർഫുള്ളും	വർഷം മുഴുവനും വിളവെടുപ്പ് സാധ്യമായ വഴുതന ഫോസ്ഫറസ്, കാൽസ്യം, ഇരുമ്പ് തുടങ്ങിയവയുടെ സ്രോതസ്സാണ്	2026-05-18T13:31:38.715000
ഇരുമ്പ്	FERTILIZER	used_for	വഴുതന	CROP	8	വഴുതന കൃഷി സിമ്പിൾ ആണ്, പവർഫുള്ളും	വർഷം മുഴുവനും വിളവെടുപ്പ് സാധ്യമായ വഴുതന ഫോസ്ഫറസ്, കാൽസ്യം, ഇരുമ്പ് തുടങ്ങിയവയുടെ സ്രോതസ്സാണ്	2026-05-18T13:31:38.715000
ജലസേചനം	PRACTICE	applied_to	വഴുതന	CROP	8	വഴുതന കൃഷി സിമ്പിൾ ആണ്, പവർഫുള്ളും	കാലാവസ്ഥ, മണ്ണ്, വിത്ത് തിരഞ്ഞെടുക്കൽ, നടീൽ രീതി, ജലസേചനം, വളം പ്രയോഗം, കീടാക്രമണ നിയന്ത്രണം, വിളവെടുപ്പ് എന്നിവയാണ് വഴുതന കൃഷി ചെയ്യുമ്പോൾ നാം പ്രധാനമായും ശ്രദ്ധിക്കേണ്ടത്	2026-05-18T13:31:38.715999
നടീൽ	PRACTICE	applied_to	വഴുതന	CROP	8	വഴുതന കൃഷി സിമ്പിൾ ആണ്, പവർഫുള്ളും	കാലാവസ്ഥ, മണ്ണ്, വിത്ത് തിരഞ്ഞെടുക്കൽ, നടീൽ രീതി, ജലസേചനം, വളം പ്രയോഗം, കീടാക്രമണ നിയന്ത്രണം, വിളവെടുപ്പ് എന്നിവയാണ് വഴുതന കൃഷി ചെയ്യുമ്പോൾ നാം പ്രധാനമായും ശ്രദ്ധിക്കേണ്ടത്	2026-05-18T13:31:38.715999
വളപ്രയോഗം	PRACTICE	applied_to	നാരകം	CROP	12	ഇനി നാരങ്ങ കടയിൽ നിന്നും വാങ്ങണ്ട; വീട്ടിൽ തന്നെ നട്ടുവളർത്താം എളുപ്പത്തിൽ	ഇത് വരെ കായ്ക്കാത്ത നാരകം ആണ് എങ്കിൽ 18-18 അല്ലെങ്കിൽ 19-19 വളപ്രയോഗം നടത്തുക	2026-05-18T13:31:38.789979
സൂര്യപ്രകാശം	CONDITION	affects	ഇഞ്ചി	CROP	14	ഒരു കഷ്ണം ഇഞ്ചി മതി, ഇനി 365 ദിവസവും വിളവെടുക്കാം	സൂര്യപ്രകാശം നന്നായി ലഭിക്കുന്ന ഇടങ്ങളിലാണ് ഇഞ്ചി നന്നായി വിളയുക	2026-05-18T13:31:38.828681
സൂര്യപ്രകാശം	CONDITION	affects	നാരകം	CROP	15	വീട്ടുമുറ്റത്തെ ചെറുനാരകം കായ്ക്കുന്നില്ല? വിഷമിക്കേണ്ട വഴിയുണ്ട്	ധാരാളം സൂര്യപ്രകാശം ആവശ്യമുള്ള ഒരു ചെടിയാണ് നാരകം	2026-05-18T13:31:38.843906
മഴ	CONDITION	affects	കാന്താരി	CROP	18	ഇനി ഇഷ്ടം പോലെ കാന്താരി, ഇതാ ഇങ്ങനെ ചെയ്ത് നോക്കൂ	വെയിലും മഴയും തണലും തണുപ്പും ചൂടും ഒന്നും കാന്താരി കൃഷിക്ക് തടസ്സമല്ല	2026-05-18T13:31:38.938518
വാതരോഗം	DISEASE	affects	കാന്താരി	CROP	18	ഇനി ഇഷ്ടം പോലെ കാന്താരി, ഇതാ ഇങ്ങനെ ചെയ്ത് നോക്കൂ	വാതരോഗം , അജീർണം, വായുക്ഷോഭം, അമിതവണ്ണം, പല്ലുവേദന, കൊളസ്ട്രോൾ എന്നിവ കുറയ്ക്കാൻ കാന്താരി ഔഷധമായും ഉപയോഗിക്കാറുണ്ട്	2026-05-18T13:31:38.947524
ജൈവവളം	FERTILIZER	used_for	ചക്ക	CROP	19	വീട്ടിൽ ജൈവകൃഷി ചെയ്യുന്നവരാണോ? ചെയ്യാവുന്ന ജൈവ കീടനിയന്ത്രണ രീതികൾ ഇതാ	ട്രൈക്കോഡെർമ ചേർത്ത് സമ്പുഷ്ടീകരിച്ച ജൈവവളം അടിസ്‌ഥാന വളമായി നൽകിയാൽ കീടങ്ങളുടെ ആക്രമണത്തിൽ പച്ചക്കറികളെ മികച്ച രീതിയിൽ സംരക്ഷിക്കാൻ ആകും	2026-05-18T13:31:38.954888
ചാഴി	PEST	affects	ചക്ക	CROP	19	വീട്ടിൽ ജൈവകൃഷി ചെയ്യുന്നവരാണോ? ചെയ്യാവുന്ന ജൈവ കീടനിയന്ത്രണ രീതികൾ ഇതാ	പാവലും പടവലവും കൃഷി ചെയ്യുമ്പോൾ പന്തലിൽ തന്നെ വൈക്കോൽ വച്ചു കൊടുക്കാം പയറിലെ ചാഴിയെ അകറ്റാനുള്ള വെളിച്ചക്കെണിയായി പന്തം വൈകുന്നേരം 6 മുതൽ 7 മണി വരെ വയ്ക്കാം	2026-05-18T13:31:38.964394
ഇടവിള	PRACTICE	applied_to	തെങ്ങ്	CROP	23	ആടലോടകം കൃഷി: നട്ട് ആദ്യവർഷം ഇലകൾ വിളവെടുക്കാം രണ്ട് വർഷം കഴിഞ്ഞ് വേരുകളും, ഇടവിളയായും കൃഷി ചെയ്യാം	ആടലോടകം ഒറ്റയ്ക്കും തെങ്ങ്, റബ്ബർ എന്നിവയുടെ ഇടവിളയായും കൃഷി ചെയ്യാം	2026-05-18T13:31:39.002518
ഇടവിള	PRACTICE	applied_to	റബ്ബർ	CROP	23	ആടലോടകം കൃഷി: നട്ട് ആദ്യവർഷം ഇലകൾ വിളവെടുക്കാം രണ്ട് വർഷം കഴിഞ്ഞ് വേരുകളും, ഇടവിളയായും കൃഷി ചെയ്യാം	ആടലോടകം ഒറ്റയ്ക്കും തെങ്ങ്, റബ്ബർ എന്നിവയുടെ ഇടവിളയായും കൃഷി ചെയ്യാം	2026-05-18T13:31:39.002518
ബാക്ടീരിയൽ ഇല കരിച്ചിൽ	DISEASE	affects	പേര	CROP	24	നെല്ലിന് ബാക്ടീരിയൽ ഇല കരിച്ചിൽ; നിയന്ത്രണ മാർഗ്ഗങ്ങൾ അറിയാം,	ആലപ്പുഴ: ജില്ലയിലെ കരുവാറ്റ, നെടുമുടി, കൈനകരി, തകഴി, നീലംപേരൂർ കൃഷിഭവനുകൾക്ക് കീഴിലുള്ള പാടശേഖരങ്ങളിൽ രണ്ടാം കൃഷി ഇറക്കിയ നെല്ലിൽ ബാക്ടീരിയൽ ഇല കരിച്ചിൽ രോഗം കണ്ടെത്തി	2026-05-18T13:31:39.016573
മഴ	CONDITION	affects	കൊക്കോ	CROP	25	കനത്തമഴയിൽ കൊക്കോക്കായ നശിക്കുന്നു; വിലയും ഇടിഞ്ഞു, ആശങ്കയിൽ കർഷകർ	അടിമാലി: ഹൈറേഞ്ചിലെ കാർഷികമേഖലയെ, പ്രത്യേകിച്ച് കൊക്കോ കൃഷിയെ, തുടർച്ചയായ മഴ പ്രതികൂലമായി ബാധിച്ചു	2026-05-18T13:31:39.023570
ബോർഡോ മിശ്രിതം	TREATMENT	used_for	കൊക്കോ	CROP	25	കനത്തമഴയിൽ കൊക്കോക്കായ നശിക്കുന്നു; വിലയും ഇടിഞ്ഞു, ആശങ്കയിൽ കർഷകർ	അടയ്ക്കാ കൃഷിക്ക് ഉപയോഗിക്കുന്ന ബോർഡോ മിശ്രിതം തളിച്ച് കൊക്കോയിലെ രോഗങ്ങളെ പ്രതിരോധിക്കാൻ സാധിക്കുമെങ്കിലും, നിരന്തരമായ മഴ കാരണം പല കർഷകർക്കും ഇത് തളിക്കാൻ കഴിഞ്ഞില്ല	2026-05-18T13:31:39.025577
പുഴു	PEST	affects	ഗോതമ്പ്	CROP	26	അസീൽ; അങ്കക്കോഴികളിൽ കേമൻ, രുചിയുള്ളതും പോഷകപ്രദവുമായ മാംസം, പരിപാലനം എങ്ങനെ?	അത്തരം കോഴികൾക്ക് ബജ്റ, റാഗി, ചോളം, കടല, ഗോതമ്പ് തുടങ്ങിയ ധാന്യങ്ങളും പുഴുങ്ങിയ മുട്ട, കോഴിയിറച്ചി, വീട്ടിലെ മറ്റ് ഭക്ഷണാവശിഷ്ടങ്ങൾ എന്നിവയും നൽകാം	2026-05-18T13:31:39.051173
പുഴു	PEST	affects	ചോളം	CROP	26	അസീൽ; അങ്കക്കോഴികളിൽ കേമൻ, രുചിയുള്ളതും പോഷകപ്രദവുമായ മാംസം, പരിപാലനം എങ്ങനെ?	അത്തരം കോഴികൾക്ക് ബജ്റ, റാഗി, ചോളം, കടല, ഗോതമ്പ് തുടങ്ങിയ ധാന്യങ്ങളും പുഴുങ്ങിയ മുട്ട, കോഴിയിറച്ചി, വീട്ടിലെ മറ്റ് ഭക്ഷണാവശിഷ്ടങ്ങൾ എന്നിവയും നൽകാം	2026-05-18T13:31:39.051173
പുഴു	PEST	affects	കടല	CROP	26	അസീൽ; അങ്കക്കോഴികളിൽ കേമൻ, രുചിയുള്ളതും പോഷകപ്രദവുമായ മാംസം, പരിപാലനം എങ്ങനെ?	അത്തരം കോഴികൾക്ക് ബജ്റ, റാഗി, ചോളം, കടല, ഗോതമ്പ് തുടങ്ങിയ ധാന്യങ്ങളും പുഴുങ്ങിയ മുട്ട, കോഴിയിറച്ചി, വീട്ടിലെ മറ്റ് ഭക്ഷണാവശിഷ്ടങ്ങൾ എന്നിവയും നൽകാം	2026-05-18T13:31:39.051173
വേപ്പിൻകുരു സത്ത്	TREATMENT	used_for	കാന്താരി	CROP	28	ഓഗസ്റ്റ് മാസത്തെ കൃഷി പരിപാലനം | ഞാറ്റുവേലയും കൃഷിശാസ്ത്രവും	\n* **ചാഴി ആക്രമണം (കതിരാകുമ്പോൾ):** കാന്താരി ഗോമൂത്ര മിശ്രിതം, വേപ്പെണ്ണ, വേപ്പിൻകുരു സത്ത് എന്നിവ ഉപയോഗിച്ച് ജൈവനിയന്ത്രണം നടത്താം	2026-05-18T13:31:39.109949
വേപ്പിൻകുരു സത്ത്	TREATMENT	controls	ചാഴി	PEST	28	ഓഗസ്റ്റ് മാസത്തെ കൃഷി പരിപാലനം | ഞാറ്റുവേലയും കൃഷിശാസ്ത്രവും	\n* **ചാഴി ആക്രമണം (കതിരാകുമ്പോൾ):** കാന്താരി ഗോമൂത്ര മിശ്രിതം, വേപ്പെണ്ണ, വേപ്പിൻകുരു സത്ത് എന്നിവ ഉപയോഗിച്ച് ജൈവനിയന്ത്രണം നടത്താം	2026-05-18T13:31:39.109949
ചാഴി	PEST	affects	കാന്താരി	CROP	28	ഓഗസ്റ്റ് മാസത്തെ കൃഷി പരിപാലനം | ഞാറ്റുവേലയും കൃഷിശാസ്ത്രവും	\n* **ചാഴി ആക്രമണം (കതിരാകുമ്പോൾ):** കാന്താരി ഗോമൂത്ര മിശ്രിതം, വേപ്പെണ്ണ, വേപ്പിൻകുരു സത്ത് എന്നിവ ഉപയോഗിച്ച് ജൈവനിയന്ത്രണം നടത്താം	2026-05-18T13:31:39.109949
രാസവളം	FERTILIZER	used_for	വാഴ	CROP	28	ഓഗസ്റ്റ് മാസത്തെ കൃഷി പരിപാലനം | ഞാറ്റുവേലയും കൃഷിശാസ്ത്രവും	\n* **രാസവളം:** വാഴയ്ക്ക് നൽകേണ്ട രാസവളം പട്ടികയിൽ നൽകിയിരിക്കുന്നു	2026-05-18T13:31:39.134197
ബോർഡോ മിശ്രിതം	TREATMENT	treats	ഇലപ്പുള്ളി രോഗം	DISEASE	28	ഓഗസ്റ്റ് മാസത്തെ കൃഷി പരിപാലനം | ഞാറ്റുവേലയും കൃഷിശാസ്ത്രവും	\n* **ഇലപ്പുള്ളി രോഗം:** 1% ബോർഡോ മിശ്രിതം ഫലപ്രദമാണ്	2026-05-18T13:31:39.137203
നീർവാർച്ച	CONDITION	affects	വാഴ	CROP	28	ഓഗസ്റ്റ് മാസത്തെ കൃഷി പരിപാലനം | ഞാറ്റുവേലയും കൃഷിശാസ്ത്രവും	\n* **കടചീയൽ:** വാഴത്തോട്ടങ്ങളിൽ നീർവാർച്ച ഉറപ്പാക്കുക	2026-05-18T13:31:39.139203
ചീയൽ	DISEASE	affects	വാഴ	CROP	28	ഓഗസ്റ്റ് മാസത്തെ കൃഷി പരിപാലനം | ഞാറ്റുവേലയും കൃഷിശാസ്ത്രവും	\n* **കടചീയൽ:** വാഴത്തോട്ടങ്ങളിൽ നീർവാർച്ച ഉറപ്പാക്കുക	2026-05-18T13:31:39.139203
രാസവളം	FERTILIZER	used_for	ചക്ക	CROP	28	ഓഗസ്റ്റ് മാസത്തെ കൃഷി പരിപാലനം | ഞാറ്റുവേലയും കൃഷിശാസ്ത്രവും	\n\n**കൈതച്ചക്ക കൃഷി പരിചരണം**\n* കളകൾ നീക്കം ചെയ്ത് രണ്ടാം ഗഡു രാസവളം നൽകുക	2026-05-18T13:31:39.147203
ജൈവകൃഷി	PRACTICE	applied_to	ചക്ക	CROP	28	ഓഗസ്റ്റ് മാസത്തെ കൃഷി പരിപാലനം | ഞാറ്റുവേലയും കൃഷിശാസ്ത്രവും	ജൈവകൃഷിക്ക് ആരോഗ്യമുള്ള ഒരു കൈതച്ചക്ക ചെടിക്ക് 10-15 കിലോ ജൈവവളം നൽകാം	2026-05-18T13:31:39.151203
ജൈവവളം	FERTILIZER	used_for	ചക്ക	CROP	28	ഓഗസ്റ്റ് മാസത്തെ കൃഷി പരിപാലനം | ഞാറ്റുവേലയും കൃഷിശാസ്ത്രവും	ജൈവകൃഷിക്ക് ആരോഗ്യമുള്ള ഒരു കൈതച്ചക്ക ചെടിക്ക് 10-15 കിലോ ജൈവവളം നൽകാം	2026-05-18T13:31:39.151203
നീർവാർച്ച	CONDITION	affects	ഇഞ്ചി	CROP	28	ഓഗസ്റ്റ് മാസത്തെ കൃഷി പരിപാലനം | ഞാറ്റുവേലയും കൃഷിശാസ്ത്രവും	\n\n**ഇഞ്ചി, മഞ്ഞൾ കൃഷി പരിചരണം**\n* തോട്ടത്തിൽ നീർവാർച്ച ഉറപ്പാക്കുക	2026-05-18T13:31:39.159203
നീർവാർച്ച	CONDITION	affects	മഞ്ഞൾ	CROP	28	ഓഗസ്റ്റ് മാസത്തെ കൃഷി പരിപാലനം | ഞാറ്റുവേലയും കൃഷിശാസ്ത്രവും	\n\n**ഇഞ്ചി, മഞ്ഞൾ കൃഷി പരിചരണം**\n* തോട്ടത്തിൽ നീർവാർച്ച ഉറപ്പാക്കുക	2026-05-18T13:31:39.159203
പൊട്ടാഷ്	FERTILIZER	used_for	ഇഞ്ചി	CROP	28	ഓഗസ്റ്റ് മാസത്തെ കൃഷി പരിപാലനം | ഞാറ്റുവേലയും കൃഷിശാസ്ത്രവും	ഇഞ്ചി നട്ട് മൂന്നു മാസത്തിന് ശേഷം സെന്റിന് 350 ഗ്രാം യൂറിയ, 500 ഗ്രാം പൊട്ടാഷ് എന്നിവ നൽകുക	2026-05-18T13:31:39.162203
യൂറിയ	FERTILIZER	used_for	ഇഞ്ചി	CROP	28	ഓഗസ്റ്റ് മാസത്തെ കൃഷി പരിപാലനം | ഞാറ്റുവേലയും കൃഷിശാസ്ത്രവും	ഇഞ്ചി നട്ട് മൂന്നു മാസത്തിന് ശേഷം സെന്റിന് 350 ഗ്രാം യൂറിയ, 500 ഗ്രാം പൊട്ടാഷ് എന്നിവ നൽകുക	2026-05-18T13:31:39.162203
ബോർഡോ മിശ്രിതം	TREATMENT	treats	മൂടുചീയൽ	DISEASE	28	ഓഗസ്റ്റ് മാസത്തെ കൃഷി പരിപാലനം | ഞാറ്റുവേലയും കൃഷിശാസ്ത്രവും	മൂടുചീയൽ, കടചീയൽ എന്നിവ നിയന്ത്രിക്കാൻ 1% ബോർഡോ മിശ്രിതം തളിക്കുകയോ തടങ്ങളിൽ ഒഴിക്കുകയോ ചെയ്യുക	2026-05-18T13:31:39.164203
വേപ്പിൻപിണ്ണാക്ക്	FERTILIZER	used_for	കടല	CROP	28	ഓഗസ്റ്റ് മാസത്തെ കൃഷി പരിപാലനം | ഞാറ്റുവേലയും കൃഷിശാസ്ത്രവും	ജൈവകൃഷിയിൽ പച്ചച്ചാണകം, കടലപ്പിണ്ണാക്ക്, വേപ്പിൻപിണ്ണാക്ക് (ഓരോ കിലോ വീതം) 10 ലിറ്റർ വെള്ളത്തിൽ 5 ദിവസം പുളിപ്പിച്ച ശേഷം ഇരട്ടി നേർപ്പിച്ച് ആഴ്ചയിൽ ഒരു ലിറ്റർ വീതം തടങ്ങളിൽ ഒഴിക്കുക	2026-05-18T13:31:39.181203
ജൈവകൃഷി	PRACTICE	applied_to	കടല	CROP	28	ഓഗസ്റ്റ് മാസത്തെ കൃഷി പരിപാലനം | ഞാറ്റുവേലയും കൃഷിശാസ്ത്രവും	ജൈവകൃഷിയിൽ പച്ചച്ചാണകം, കടലപ്പിണ്ണാക്ക്, വേപ്പിൻപിണ്ണാക്ക് (ഓരോ കിലോ വീതം) 10 ലിറ്റർ വെള്ളത്തിൽ 5 ദിവസം പുളിപ്പിച്ച ശേഷം ഇരട്ടി നേർപ്പിച്ച് ആഴ്ചയിൽ ഒരു ലിറ്റർ വീതം തടങ്ങളിൽ ഒഴിക്കുക	2026-05-18T13:31:39.181203
കീടനാശിനി പ്രയോഗം	TREATMENT	treats	ഓല മഞ്ഞളിപ്പ്	DISEASE	29	പാടശേഖരങ്ങളിൽ കരിഞ്ചാഴി; ജാഗ്രത വേണം, അറിയാം നിയന്ത്രണ മാർഗ്ഗങ്ങൾ	കീടങ്ങളുടെ എണ്ണം കൂടുകയും നെല്ലിൽ ഓല മഞ്ഞളിപ്പ്, വളർച്ച മുരടിപ്പ്, നടുനാമ്പ് വാട്ടം തുടങ്ങിയ ലക്ഷണങ്ങൾ പ്രകടമാവുകയും ചെയ്താൽ സാങ്കേതിക ഉപദേശം തേടി കീടനാശിനി പ്രയോഗം നടത്താവുന്നതാണ്	2026-05-18T13:31:39.197161
യൂറിയ	FERTILIZER	used_for	കടല	CROP	49	Fertilizers	ഇവയെ ലഘുവളങ്ങള്‍ (ഒറ്റ പോഷകം, ഉദാ: യൂറിയ), സങ്കീര്‍ണ്ണ വളങ്ങള്‍ (രണ്ടോ അതിലധികമോ പോഷകങ്ങള്‍, ഉദാ: 17 17 17 NPK), മിശ്ര വളങ്ങള്‍ (രണ്ടോ അതിലധികമോ പോഷകങ്ങള്‍, ഉദാ: കടലപ്പരിപ്പ് മിശ്രിതം) എന്നിങ്ങനെ തരംതിരിച്ചിരിക്കുന്നു	2026-05-18T13:31:39.301163
ജലസേചനം	PRACTICE	applied_to	കപ്പ	CROP	53	Irrigation	"""ജലസേചനം എന്നത്, മഴയുടെയും ഭൂഗർഭജലത്തിന്റെയും സംഭാവനയ്ക്ക് പുറമേ, വിള ഉത്പാദനത്തിനായി മണ്ണിലേക്ക് ജലം കൃത്രിമമായി പ്രയോഗിക്കുന്നതായി നിർവചിക്കപ്പെടുന്നു"	2026-05-18T13:31:39.310160
മഴ	CONDITION	affects	കപ്പ	CROP	53	Irrigation	"""ജലസേചനം എന്നത്, മഴയുടെയും ഭൂഗർഭജലത്തിന്റെയും സംഭാവനയ്ക്ക് പുറമേ, വിള ഉത്പാദനത്തിനായി മണ്ണിലേക്ക് ജലം കൃത്രിമമായി പ്രയോഗിക്കുന്നതായി നിർവചിക്കപ്പെടുന്നു"	2026-05-18T13:31:39.310160
ഈർപ്പം	CONDITION	affects	കപ്പ	CROP	53	Irrigation	മണ്ണിലെ ഈർപ്പം കുറവാണെങ്കിൽ, സസ്യങ്ങളുടെ ആവശ്യങ്ങൾ പൂർത്തീകരിക്കപ്പെടുന്നില്ല	2026-05-18T13:31:39.317160
ഈർപ്പം	CONDITION	affects	കാപ്പി	CROP	54	Irrigation Methods	ഈർപ്പം കാപ്പിലറി പ്രവർത്തനത്തിലൂടെ മണ്ണിന്റെ ഉപരിതലത്തിലേക്ക് മുകളിലേക്ക് നീങ്ങുന്നു	2026-05-18T13:31:39.340163
ഇരുമ്പ്	FERTILIZER	used_for	സൂര്യകാന്തി	CROP	59	Sowing behind the plough	ഗുണങ്ങൾ: വിത്ത് ആവശ്യമായ ആഴത്തിൽ സ്ഥാപിക്കപ്പെടുന്നു, ഇരുമ്പ് പലകകളാൽ മൂടപ്പെടുന്നു, വളരെ ചെറിയതും വളരെ വലിയതുമായ വിത്തുകൾ ഒഴികെ മിക്കവാറും എല്ലാ വിത്തുകളും ഇങ്ങനെ വിതയ്ക്കാം, ഉദാ: ചോളം, ജോവർ, ചാമ, സൂര്യകാന്തി, മുതലായവ	2026-05-18T13:31:39.391165
ഇരുമ്പ്	FERTILIZER	used_for	കപ്പ	CROP	59	Sowing behind the plough	ഗുണങ്ങൾ: വിത്ത് ആവശ്യമായ ആഴത്തിൽ സ്ഥാപിക്കപ്പെടുന്നു, ഇരുമ്പ് പലകകളാൽ മൂടപ്പെടുന്നു, വളരെ ചെറിയതും വളരെ വലിയതുമായ വിത്തുകൾ ഒഴികെ മിക്കവാറും എല്ലാ വിത്തുകളും ഇങ്ങനെ വിതയ്ക്കാം, ഉദാ: ചോളം, ജോവർ, ചാമ, സൂര്യകാന്തി, മുതലായവ	2026-05-18T13:31:39.391165
ഇരുമ്പ്	FERTILIZER	used_for	ചോളം	CROP	59	Sowing behind the plough	ഗുണങ്ങൾ: വിത്ത് ആവശ്യമായ ആഴത്തിൽ സ്ഥാപിക്കപ്പെടുന്നു, ഇരുമ്പ് പലകകളാൽ മൂടപ്പെടുന്നു, വളരെ ചെറിയതും വളരെ വലിയതുമായ വിത്തുകൾ ഒഴികെ മിക്കവാറും എല്ലാ വിത്തുകളും ഇങ്ങനെ വിതയ്ക്കാം, ഉദാ: ചോളം, ജോവർ, ചാമ, സൂര്യകാന്തി, മുതലായവ	2026-05-18T13:31:39.391165
മഴ	CONDITION	affects	കപ്പ	CROP	64	Intensive Cropping	ഉദാ: ജവര്‍, കൊതിയന്‍ കപ്പ, പയര്‍ എന്നിവ മഴയില്‍ വിതയ്ക്കുന്നു	2026-05-18T13:31:39.443681
ഇടവിള	PRACTICE	applied_to	നിലക്കടല	CROP	64	Intensive Cropping	മക്ക-പച്ചപയര്‍-1:1, മക്ക-കറുത്തപയര്‍-1:1, നിലക്കടല-കറുത്തപയര്‍-6:1 സി) സ്ട്രിപ്പ് ഇടവിള കൃഷി സ്വതന്ത്ര കൃഷി അനുവദിക്കുന്നതിന് മതിയായ വീതിയുള്ള പട്ടകളില്‍ രണ്ടോ അതിലധികമോ വിളകള്‍ ഒരേസമയം വളര്‍ത്തുന്നത്, എന്നാല്‍ വിളകള്‍ കാര്‍ഷികമായി ഇടപഴകാന്‍ മതിയായ വീതി കുറവാണ്	2026-05-18T13:31:39.445681
ജൈവകൃഷി	PRACTICE	applied_to	പരുത്തി	CROP	67	Organic Farming	"""ജൈവകൃഷി എന്നത് എല്ലാതരം കൃഷി ഉത്പന്നങ്ങളും ജൈവമായി ഉത്പാദിപ്പിക്കുന്ന ഒരു ഉത്പാദന സമ്പ്രദായമാണ്, ഇതിൽ ധാന്യങ്ങള്‍, മാംസം, പാല്‍, മുട്ട, പരുത്തി പോലെയുള്ള നാരുകള്‍, പൂക്കള്‍, സംസ്കരിച്ച ഭക്ഷണ ഉത്പന്നങ്ങള്‍ എന്നിവ ഉള്‍പ്പെടുന്നു"	2026-05-18T13:31:39.477681
ജലസേചനം	PRACTICE	applied_to	കപ്പ	CROP	82	East Coast Plains and Hills Region	"""ഒറീസ്സ, ആന്ധ്രാപ്രദേശ്, തമിഴ്‌നാട്, പോണ്ടിച്ചേരി എന്നിവിടങ്ങളിൽ കനാലുകളും ജലസംഭരണികളും മുഖേനയാണ് ജലസേചനം നിർവഹിക്കപ്പെടുന്നത്"	2026-05-18T13:31:39.523681
കൃമിരോഗം	DISEASE	affects	കറുവപ്പട്ട	CROP	95	രുചിക്കൂട്ടിൽ മാത്രമല്ല, ഔഷധക്കൂട്ടിലും മുന്നിൽ കറുവപ്പട്ട	\n\nഅതിസാരം, ഛർദി, വാതകഫ രോഗങ്ങൾ, വയറുവീർക്കൽ, ചുമ, ശ്വാസംമുട്ട്, ആസ്ത്മ, തൊണ്ടവീക്കം, വിശപ്പില്ലായ്മ, ജലദോഷം, ഹൃദ്രോഗം, മാനസികപിരിമുറുക്കം, പല്ലുവേദന, തലവേദന, ദേഹം ചൊറിച്ചിൽ, അരുചി, മൂത്രാശയരോഗങ്ങൾ, അർശസ്സ്, മൂക്കൊലിപ്പ്, കൃമിരോഗം എന്നിവയ്ക്കുള്ള ഔഷധങ്ങളിൽ കറുവപ്പട്ട ഒരു പ്രധാന ചേരുവയാണ്	2026-05-18T13:31:39.584681
മഴ	CONDITION	affects	മുളക്	CROP	98	മഴക്കാലത്തും ഇനി പച്ചക്കറി; ഈ സമയത്ത് നല്ല വിളവു തരുന്നത് ഈ വിളകൾ	"""മഴക്കാലത്തും നല്ല വിളവ് ലഭിക്കുന്ന വിളകളാണ് വെണ്ട, പച്ചമുളക്, വഴുതന, പയർ എന്നിവ"	2026-05-18T13:31:39.634681
മഴ	CONDITION	affects	വഴുതന	CROP	98	മഴക്കാലത്തും ഇനി പച്ചക്കറി; ഈ സമയത്ത് നല്ല വിളവു തരുന്നത് ഈ വിളകൾ	"""മഴക്കാലത്തും നല്ല വിളവ് ലഭിക്കുന്ന വിളകളാണ് വെണ്ട, പച്ചമുളക്, വഴുതന, പയർ എന്നിവ"	2026-05-18T13:31:39.634681
മഴ	CONDITION	affects	പയർ	CROP	98	മഴക്കാലത്തും ഇനി പച്ചക്കറി; ഈ സമയത്ത് നല്ല വിളവു തരുന്നത് ഈ വിളകൾ	"""മഴക്കാലത്തും നല്ല വിളവ് ലഭിക്കുന്ന വിളകളാണ് വെണ്ട, പച്ചമുളക്, വഴുതന, പയർ എന്നിവ"	2026-05-18T13:31:39.634681
മഴ	CONDITION	affects	ചീര	CROP	98	മഴക്കാലത്തും ഇനി പച്ചക്കറി; ഈ സമയത്ത് നല്ല വിളവു തരുന്നത് ഈ വിളകൾ	അതേസമയം ചീര, തക്കാളി, വെള്ളരി തുടങ്ങിയവ മഴക്കാലത്ത് വലിയ വിളവ് നൽകില്ല	2026-05-18T13:31:39.635681
മഴ	CONDITION	affects	കാന്താരി	CROP	98	മഴക്കാലത്തും ഇനി പച്ചക്കറി; ഈ സമയത്ത് നല്ല വിളവു തരുന്നത് ഈ വിളകൾ	മഴയില്ലാത്തപ്പോൾ പുകയില കഷായം, കാന്താരി കഷായം എന്നിവ തളിക്കാം	2026-05-18T13:31:39.653730
ഇരുമ്പ്	FERTILIZER	used_for	ചീര	CROP	101	മഴക്കാലത്തു യോജ്യം ഇലക്കറി; അറിയാം ചീരയിനങ്ങൾ,	കാത്സ്യം, ഇരുമ്പ്, ബീറ്റാകരോട്ടിൻ, വൈറ്റമിൻ സി, നാരുകൾ എന്നിവ വള്ളിച്ചീരയിൽ ധാരാളമായി അടങ്ങിയിട്ടുണ്ട്	2026-05-18T13:31:39.706447
മഴ	CONDITION	affects	ചീര	CROP	101	മഴക്കാലത്തു യോജ്യം ഇലക്കറി; അറിയാം ചീരയിനങ്ങൾ,	മഴക്കാലമാണ് വള്ളിച്ചീര നടാൻ ഏറ്റവും അനുയോജ്യം	2026-05-18T13:31:39.708445
നീർവാർച്ച	CONDITION	affects	ചീര	CROP	101	മഴക്കാലത്തു യോജ്യം ഇലക്കറി; അറിയാം ചീരയിനങ്ങൾ,	**സാമ്പാർ ചീര:** ഈർപ്പമുള്ള അന്തരീക്ഷത്തിൽ നന്നായി വളരുന്ന സാമ്പാർ ചീരയ്ക്ക് നല്ല നീർവാർച്ചയും ജൈവാംശവുമുള്ള മണ്ണ് ആവശ്യമാണ്	2026-05-18T13:31:39.709445
മഴ	CONDITION	affects	ചക്ക	CROP	101	മഴക്കാലത്തു യോജ്യം ഇലക്കറി; അറിയാം ചീരയിനങ്ങൾ,	\n\n**മുരിങ്ങ:** ഇലയും പൂവും കായും പച്ചക്കറിയായി ഉപയോഗിക്കുന്ന മുരിങ്ങ നടാൻ ഏറ്റവും അനുയോജ്യം മഴക്കാലമാണ്	2026-05-18T13:31:39.718901
വളപ്രയോഗം	PRACTICE	applied_to	വാഴ	CROP	102	ഏത്തവാഴയ്ക്ക് മികച്ച വിളവ് വേണോ? വളപ്രയോഗം ഇങ്ങനെയാക്കാം	"""ഏത്തവാഴ കൃഷിയിൽ, ശരിയായ വളപ്രയോഗം മികച്ച വിളവ് ലഭിക്കാൻ അത്യാവശ്യമാണ്"	2026-05-18T13:31:39.722902
പൊട്ടാസ്യം	FERTILIZER	used_for	അരി	CROP	103	മണ്ണിനെ അറിഞ്ഞ് കൃഷി ചെയ്യണം; പ്രകൃതിയിൽ എല്ലാം ഉണ്ട്, പതുതായി ഒന്നും കണ്ടെത്തേണ്ടതില്ല!	\n* **പൊട്ടാസ്യം (K):** പഴയ ഇലകളിൽ കരിഞ്ഞതോ തവിട്ടുനിറത്തിലുള്ളതോ ആയ അരികുകൾ, പച്ച ഞരമ്പുകൾ മഞ്ഞനിറമാകൽ, തണ്ട്, പൂവ് അല്ലെങ്കിൽ കായ വികസനം മന്ദഗതിയിലാകൽ	2026-05-18T13:31:39.770959
നീർവാർച്ച	CONDITION	affects	കോവൽ	CROP	104	കോവൽ ചെടികൾക്ക് വിളർച്ച, പുഴുക്കുത്ത്: എന്താണ് പ്രതിവിധി?	മണ്ണിലെ നീർവാർച്ചക്കുറവ്, പോഷകങ്ങളുടെ അഭാവം എന്നിവ കോവൽച്ചെടികളുടെ വളർച്ച മുരടിക്കാൻ സാധ്യതയുണ്ട്	2026-05-18T13:31:39.800285
നീർവാർച്ച	CONDITION	affects	ചക്ക	CROP	104	കോവൽ ചെടികൾക്ക് വിളർച്ച, പുഴുക്കുത്ത്: എന്താണ് പ്രതിവിധി?	മണ്ണിലെ നീർവാർച്ചക്കുറവ്, പോഷകങ്ങളുടെ അഭാവം എന്നിവ കോവൽച്ചെടികളുടെ വളർച്ച മുരടിക്കാൻ സാധ്യതയുണ്ട്	2026-05-18T13:31:39.800285
മഴ	CONDITION	affects	പേര	CROP	112	90 കിഡ്സിന്റെ കൈകളിലെ ആദ്യ ടാറ്റൂ പന്നലിൽനിന്ന്; മറക്കാനാകുമോ ആ കാലം!	\n\nവിവിധതരം പന്നലുകൾ:\n\nഅഡിയാന്റം (മൈഡൻ ഹെയർ ഫേൺ): മഴക്കാലത്ത് ചെങ്കൽച്ചുവരുകളിൽ സാധാരണയായി കാണുന്ന ഇവയ്ക്ക് കറുത്ത തണ്ടുകളുള്ളതിനാൽ 'മെയ്ഡൻ ഹെയർ ഫേൺ' എന്ന് പേരുവന്നു	2026-05-18T13:31:40.016249
വെള്ളീച്ച	PEST	affects	കാന്താരി	CROP	119	വലുപ്പമല്ല ഗുണമാണ് മുഖ്യം; കൂടുതൽ ആയുസ്, കൊളസ്ട്രോൾ നിയന്ത്രിക്കും; പ്രചാരമേറി കാന്താരി	പച്ചമുളകിനെ ആക്രമിക്കുന്ന വെള്ളീച്ച, മണ്ഡരികൾ, ഇലപ്പേനുകൾ, ശൽക്കകീടങ്ങൾ തുടങ്ങിയവ കാന്താരിയെയും ബാധിക്കാറുണ്ട്	2026-05-18T13:31:40.203498
വെള്ളീച്ച	PEST	affects	മുളക്	CROP	119	വലുപ്പമല്ല ഗുണമാണ് മുഖ്യം; കൂടുതൽ ആയുസ്, കൊളസ്ട്രോൾ നിയന്ത്രിക്കും; പ്രചാരമേറി കാന്താരി	പച്ചമുളകിനെ ആക്രമിക്കുന്ന വെള്ളീച്ച, മണ്ഡരികൾ, ഇലപ്പേനുകൾ, ശൽക്കകീടങ്ങൾ തുടങ്ങിയവ കാന്താരിയെയും ബാധിക്കാറുണ്ട്	2026-05-18T13:31:40.203498
മണ്ഡരി	PEST	affects	കാന്താരി	CROP	119	വലുപ്പമല്ല ഗുണമാണ് മുഖ്യം; കൂടുതൽ ആയുസ്, കൊളസ്ട്രോൾ നിയന്ത്രിക്കും; പ്രചാരമേറി കാന്താരി	പച്ചമുളകിനെ ആക്രമിക്കുന്ന വെള്ളീച്ച, മണ്ഡരികൾ, ഇലപ്പേനുകൾ, ശൽക്കകീടങ്ങൾ തുടങ്ങിയവ കാന്താരിയെയും ബാധിക്കാറുണ്ട്	2026-05-18T13:31:40.203498
മണ്ഡരി	PEST	affects	മുളക്	CROP	119	വലുപ്പമല്ല ഗുണമാണ് മുഖ്യം; കൂടുതൽ ആയുസ്, കൊളസ്ട്രോൾ നിയന്ത്രിക്കും; പ്രചാരമേറി കാന്താരി	പച്ചമുളകിനെ ആക്രമിക്കുന്ന വെള്ളീച്ച, മണ്ഡരികൾ, ഇലപ്പേനുകൾ, ശൽക്കകീടങ്ങൾ തുടങ്ങിയവ കാന്താരിയെയും ബാധിക്കാറുണ്ട്	2026-05-18T13:31:40.203498
കീടനിയന്ത്രണം	PRACTICE	applied_to	കാന്താരി	CROP	119	വലുപ്പമല്ല ഗുണമാണ് മുഖ്യം; കൂടുതൽ ആയുസ്, കൊളസ്ട്രോൾ നിയന്ത്രിക്കും; പ്രചാരമേറി കാന്താരി	\n\nകീടനിയന്ത്രണം: കാന്താരിയെ ആക്രമിക്കുന്ന വെള്ളീച്ചകളെ മഞ്ഞക്കെണികൾ ഉപയോഗിച്ച് നിയന്ത്രിക്കാം	2026-05-18T13:31:40.208498
മഞ്ഞക്കെണി	TREATMENT	used_for	കാന്താരി	CROP	119	വലുപ്പമല്ല ഗുണമാണ് മുഖ്യം; കൂടുതൽ ആയുസ്, കൊളസ്ട്രോൾ നിയന്ത്രിക്കും; പ്രചാരമേറി കാന്താരി	\n\nകീടനിയന്ത്രണം: കാന്താരിയെ ആക്രമിക്കുന്ന വെള്ളീച്ചകളെ മഞ്ഞക്കെണികൾ ഉപയോഗിച്ച് നിയന്ത്രിക്കാം	2026-05-18T13:31:40.208498
വളപ്രയോഗം	PRACTICE	applied_to	കാന്താരി	CROP	119	വലുപ്പമല്ല ഗുണമാണ് മുഖ്യം; കൂടുതൽ ആയുസ്, കൊളസ്ട്രോൾ നിയന്ത്രിക്കും; പ്രചാരമേറി കാന്താരി	\n\nവളപ്രയോഗം: വാണിജ്യ കാന്താരിക്കൃഷിയിൽ, 45 ദിവസത്തിലൊരിക്കൽ ഒരു ലിറ്റർ വെള്ളത്തിൽ 3 മില്ലി നാനോ DAP (ഡൈഅമോണിയം ഫോസ്ഫേറ്റ്)യും 3 ഗ്രാം സൾഫേറ്റ് ഓഫ് പൊട്ടാഷും (SOP) ചേർത്ത് തളിച്ചാൽ മതി	2026-05-18T13:31:40.215498
മഴക്കാലം	CONDITION	affects	ചക്ക	CROP	122	മലയാളികളുടെ ഇഷ്ടവിഭവം; ഇപ്പോൾ വിപണിയിലെ മിന്നും താരം, കിടുവാണ് കടച്ചക്ക	മഴക്കാലം തുടങ്ങിയതോടെ കടച്ചക്കകൾ കൊഴിഞ്ഞുപോവുന്നത് സാധാരണമാണ്	2026-05-18T13:31:40.273498
കീടനാശിനി	TREATMENT	used_for	ഗോതമ്പ്	CROP	123	ഇത് ഒന്നൊന്നര പ്രയോഗം! എലിയൊക്കെ പമ്പ കടക്കും; ഗോതമ്പും ശീമക്കൊന്നയും മാത്രം മതി	\n\nകീടനാശിനി തയ്യാറാക്കുന്ന രീതി: ഗോതമ്പ് അരിച്ചെടുത്ത വെള്ളം കീടനാശിനിയായി ഉപയോഗിക്കാം	2026-05-18T13:31:40.302498
കീടനാശിനി	TREATMENT	used_for	അരി	CROP	123	ഇത് ഒന്നൊന്നര പ്രയോഗം! എലിയൊക്കെ പമ്പ കടക്കും; ഗോതമ്പും ശീമക്കൊന്നയും മാത്രം മതി	\n\nകീടനാശിനി തയ്യാറാക്കുന്ന രീതി: ഗോതമ്പ് അരിച്ചെടുത്ത വെള്ളം കീടനാശിനിയായി ഉപയോഗിക്കാം	2026-05-18T13:31:40.302498
ഇലപ്പുള്ളി രോഗം	DISEASE	affects	വാഴ	CROP	125	മഴ തുടങ്ങി; വാഴയിൽ ഇലപ്പുള്ളി രോഗവും	"""നേന്ത്രവാഴയിലെ സിഗറ്റോക്ക ഇലപ്പുള്ളി രോഗം വേനൽമഴ തുടങ്ങുമ്പോൾ തന്നെ വ്യാപകമാവുകയും മഴക്കാലം മുഴുവൻ നീണ്ടുനിൽക്കുകയും ചെയ്യും"	2026-05-18T13:31:40.315498
മഴക്കാലം	CONDITION	affects	വാഴ	CROP	125	മഴ തുടങ്ങി; വാഴയിൽ ഇലപ്പുള്ളി രോഗവും	"""നേന്ത്രവാഴയിലെ സിഗറ്റോക്ക ഇലപ്പുള്ളി രോഗം വേനൽമഴ തുടങ്ങുമ്പോൾ തന്നെ വ്യാപകമാവുകയും മഴക്കാലം മുഴുവൻ നീണ്ടുനിൽക്കുകയും ചെയ്യും"	2026-05-18T13:31:40.315498
വെളുത്തുള്ളി മിശ്രിതം	TREATMENT	used_for	ആവണക്കെണ്ണ	CROP	151	ഇത്തിരി കയ്‍ക്കുമെങ്കിലും പാവയ്ക്ക സൂപ്പറാ! വീട്ടിൽ വളർത്താം	\n\n**കീടനിയന്ത്രണം:**\nചെടികൾക്ക് പകർച്ചവ്യാധികളിൽ നിന്നും കീടങ്ങളിൽ നിന്നും സംരക്ഷണം നൽകാൻ, വള്ളി വീശി തുടങ്ങുമ്പോൾ മുതൽ ആഴ്ചയിലൊരിക്കൽ വേപ്പെണ്ണ-ആവണക്കെണ്ണ-വെളുത്തുള്ളി മിശ്രിതം സ്പ്രേ ചെയ്യുക	2026-05-18T13:31:40.546669
കീടനിയന്ത്രണം	PRACTICE	applied_to	ആവണക്കെണ്ണ	CROP	151	ഇത്തിരി കയ്‍ക്കുമെങ്കിലും പാവയ്ക്ക സൂപ്പറാ! വീട്ടിൽ വളർത്താം	\n\n**കീടനിയന്ത്രണം:**\nചെടികൾക്ക് പകർച്ചവ്യാധികളിൽ നിന്നും കീടങ്ങളിൽ നിന്നും സംരക്ഷണം നൽകാൻ, വള്ളി വീശി തുടങ്ങുമ്പോൾ മുതൽ ആഴ്ചയിലൊരിക്കൽ വേപ്പെണ്ണ-ആവണക്കെണ്ണ-വെളുത്തുള്ളി മിശ്രിതം സ്പ്രേ ചെയ്യുക	2026-05-18T13:31:40.546669
കായീച്ച	PEST	affects	കടല	CROP	151	ഇത്തിരി കയ്‍ക്കുമെങ്കിലും പാവയ്ക്ക സൂപ്പറാ! വീട്ടിൽ വളർത്താം	കായീച്ചയിൽ നിന്ന് കായ്കളെ സംരക്ഷിക്കാൻ, അവ വലുതാകുമ്പോൾ കടലാസ് കൊണ്ട് പൊതിയുന്നത് നല്ലതാണ്	2026-05-18T13:31:40.547808
സൂര്യപ്രകാശം	CONDITION	affects	സ്ട്രോബറി	CROP	154	വീട്ടിലും നട്ടുവളർത്താം സ്ട്രോബറി, ഇക്കാര്യങ്ങൾ ശ്രദ്ധിക്കുമല്ലോ?	\n\nസൂര്യപ്രകാശം അത്യാവശ്യമാണെങ്കിലും, കഠിനമായ നേരിട്ടുള്ള വെയിൽ സ്ട്രോബറിക്ക് നല്ലതല്ല	2026-05-18T13:31:40.572669
ഒച്ചുകൾ	PEST	affects	സ്ട്രോബറി	CROP	154	വീട്ടിലും നട്ടുവളർത്താം സ്ട്രോബറി, ഇക്കാര്യങ്ങൾ ശ്രദ്ധിക്കുമല്ലോ?	ഒച്ചുകൾ സ്ട്രോബറിക്ക് ഒരു പ്രധാന ഭീഷണിയാണ്, അതിനാൽ കേടായ ഇലകൾ അപ്പപ്പോൾ നീക്കം ചെയ്യണം	2026-05-18T13:31:40.575669
സൂര്യപ്രകാശം	CONDITION	affects	സ്ട്രോബറി	CROP	158	കടകളിലെ വിഐപി പഴം, വിറ്റാമിൻ സി ധാരാളം; സ്ട്രോബറി വീട്ടിൽ വളർത്താം എളുപ്പത്തിൽ	\n\nസ്ട്രോബറി ചെടികൾക്ക് ദിവസേന 6 മണിക്കൂർ സൂര്യപ്രകാശം ആവശ്യമാണ്	2026-05-18T13:31:40.611897
വേപ്പിൻ പിണ്ണാക്ക്	FERTILIZER	used_for	കപ്പ	CROP	162	കൃഷിയിൽ റിസ്ക് കുറവ്, വിളവ് കൂടുതൽ, വഴുതന ഇനങ്ങളിലെ ഊർജ്ജസ്വലൻ പൊന്നി	ചാണകം, ആട്ടിൻകാഷ്ഠം, വേപ്പിൻ പിണ്ണാക്ക്, കപ്പലണ്ടി പിണ്ണാക്ക്, എല്ലുപൊടി, ചാരം, മണ്ണിര കമ്പോസ്റ്റ് തുടങ്ങിയവ വളമായി ഉപയോഗിക്കാം	2026-05-18T13:31:40.666615
കമ്പോസ്റ്റ്	FERTILIZER	used_for	കപ്പ	CROP	162	കൃഷിയിൽ റിസ്ക് കുറവ്, വിളവ് കൂടുതൽ, വഴുതന ഇനങ്ങളിലെ ഊർജ്ജസ്വലൻ പൊന്നി	ചാണകം, ആട്ടിൻകാഷ്ഠം, വേപ്പിൻ പിണ്ണാക്ക്, കപ്പലണ്ടി പിണ്ണാക്ക്, എല്ലുപൊടി, ചാരം, മണ്ണിര കമ്പോസ്റ്റ് തുടങ്ങിയവ വളമായി ഉപയോഗിക്കാം	2026-05-18T13:31:40.666615
എല്ലുപൊടി	FERTILIZER	used_for	കപ്പ	CROP	162	കൃഷിയിൽ റിസ്ക് കുറവ്, വിളവ് കൂടുതൽ, വഴുതന ഇനങ്ങളിലെ ഊർജ്ജസ്വലൻ പൊന്നി	ചാണകം, ആട്ടിൻകാഷ്ഠം, വേപ്പിൻ പിണ്ണാക്ക്, കപ്പലണ്ടി പിണ്ണാക്ക്, എല്ലുപൊടി, ചാരം, മണ്ണിര കമ്പോസ്റ്റ് തുടങ്ങിയവ വളമായി ഉപയോഗിക്കാം	2026-05-18T13:31:40.666615
നീർവാർച്ച	CONDITION	affects	വഴുതന	CROP	162	കൃഷിയിൽ റിസ്ക് കുറവ്, വിളവ് കൂടുതൽ, വഴുതന ഇനങ്ങളിലെ ഊർജ്ജസ്വലൻ പൊന്നി	\n\nനീർവാർച്ചയുള്ളതും ഫലഭൂയിഷ്ഠവുമായ പശിമരാശി മണ്ണാണ് വഴുതന കൃഷിക്ക് ഏറ്റവും അനുയോജ്യം	2026-05-18T13:31:40.676621
ജൈവവളം	FERTILIZER	used_for	കപ്പ	CROP	162	കൃഷിയിൽ റിസ്ക് കുറവ്, വിളവ് കൂടുതൽ, വഴുതന ഇനങ്ങളിലെ ഊർജ്ജസ്വലൻ പൊന്നി	വ്യത്യസ്ത സ്വഭാവമുള്ള മണ്ണുകൾ ആവശ്യത്തിന് ജൈവവളം ചേർത്ത് കൃഷിക്ക് അനുയോജ്യമാം വിധം പാകപ്പെടുത്തണം	2026-05-18T13:31:40.677621
സൂര്യപ്രകാശം	CONDITION	affects	വെണ്ടയ്ക്ക	CROP	185	വെണ്ട വളര്‍ത്താം, എളുപ്പത്തില്‍	വെണ്ടയ്ക്ക് നല്ല സൂര്യപ്രകാശം ലഭിക്കുന്ന സ്ഥലം അത്യാവശ്യമാണ്	2026-05-18T13:31:40.951191
കീടനാശിനി	TREATMENT	treats	വൈറസ്	DISEASE	185	വെണ്ട വളര്‍ത്താം, എളുപ്പത്തില്‍	വൈറസ് വാഹകരായ വെള്ളീച്ചകളെ നിയന്ത്രിക്കാൻ വേപ്പധിഷ്ഠിത കീടനാശിനികൾ തളിക്കാം	2026-05-18T13:31:40.962191
മഴ	CONDITION	affects	ചക്ക	CROP	186	മഴക്കാലമല്ലേ; പച്ചക്കറി കൃഷിയിൽ ഇത്തിരി ശ്രദ്ധ വേണം	"""മഴക്കാലത്ത് പച്ചക്കറി കൃഷി ചെയ്യുന്നത് അല്പം ശ്രദ്ധയോടെ വേണം"	2026-05-18T13:31:40.966191
മഞ്ഞളിപ്പ് രോഗം	DISEASE	affects	വെണ്ടയ്ക്ക	CROP	186	മഴക്കാലമല്ലേ; പച്ചക്കറി കൃഷിയിൽ ഇത്തിരി ശ്രദ്ധ വേണം	മഞ്ഞളിപ്പ് രോഗം പരത്തുന്ന വെള്ളീച്ചകളുടെ സാന്നിധ്യം ഈ സമയത്ത് കുറവായതുകൊണ്ട് വെണ്ടയ്ക്ക് മികച്ച വിളവ് ലഭിക്കും	2026-05-18T13:31:40.973190
വെള്ളീച്ച	PEST	affects	വെണ്ടയ്ക്ക	CROP	186	മഴക്കാലമല്ലേ; പച്ചക്കറി കൃഷിയിൽ ഇത്തിരി ശ്രദ്ധ വേണം	മഞ്ഞളിപ്പ് രോഗം പരത്തുന്ന വെള്ളീച്ചകളുടെ സാന്നിധ്യം ഈ സമയത്ത് കുറവായതുകൊണ്ട് വെണ്ടയ്ക്ക് മികച്ച വിളവ് ലഭിക്കും	2026-05-18T13:31:40.973190
മഴ	CONDITION	affects	മുളക്	CROP	186	മഴക്കാലമല്ലേ; പച്ചക്കറി കൃഷിയിൽ ഇത്തിരി ശ്രദ്ധ വേണം	\n\nവെണ്ട കഴിഞ്ഞാൽ മഴക്കാലത്ത് നന്നായി കൃഷി ചെയ്യാവുന്ന ഒന്നാണ് മുളക്	2026-05-18T13:31:40.978190
മഴ	CONDITION	affects	വഴുതന	CROP	186	മഴക്കാലമല്ലേ; പച്ചക്കറി കൃഷിയിൽ ഇത്തിരി ശ്രദ്ധ വേണം	\n\nവഴുതനയാണ് മഴക്കാലത്ത് നന്നായി വിളയുന്ന മറ്റൊരു പച്ചക്കറി	2026-05-18T13:31:40.985190
നീർവാർച്ച	CONDITION	affects	വഴുതന	CROP	186	മഴക്കാലമല്ലേ; പച്ചക്കറി കൃഷിയിൽ ഇത്തിരി ശ്രദ്ധ വേണം	നീർവാർച്ചയുള്ള സ്ഥലങ്ങളാണ് വഴുതന കൃഷിക്ക് ഏറ്റവും അനുയോജ്യം	2026-05-18T13:31:40.989190
മഴക്കാലം	CONDITION	affects	പാവൽ	CROP	186	മഴക്കാലമല്ലേ; പച്ചക്കറി കൃഷിയിൽ ഇത്തിരി ശ്രദ്ധ വേണം	\n\nഇവ കൂടാതെ പാവൽ, പയർ തുടങ്ങിയ പച്ചക്കറികളും ജൂൺ ആദ്യവാരം മഴക്കാലം എത്തുന്നതോടെ കൃഷി ചെയ്യാവുന്നതാണ്	2026-05-18T13:31:40.992191
മഴക്കാലം	CONDITION	affects	ചക്ക	CROP	186	മഴക്കാലമല്ലേ; പച്ചക്കറി കൃഷിയിൽ ഇത്തിരി ശ്രദ്ധ വേണം	\n\nഇവ കൂടാതെ പാവൽ, പയർ തുടങ്ങിയ പച്ചക്കറികളും ജൂൺ ആദ്യവാരം മഴക്കാലം എത്തുന്നതോടെ കൃഷി ചെയ്യാവുന്നതാണ്	2026-05-18T13:31:40.992191
മഴക്കാലം	CONDITION	affects	പയർ	CROP	186	മഴക്കാലമല്ലേ; പച്ചക്കറി കൃഷിയിൽ ഇത്തിരി ശ്രദ്ധ വേണം	\n\nഇവ കൂടാതെ പാവൽ, പയർ തുടങ്ങിയ പച്ചക്കറികളും ജൂൺ ആദ്യവാരം മഴക്കാലം എത്തുന്നതോടെ കൃഷി ചെയ്യാവുന്നതാണ്	2026-05-18T13:31:40.992191
മഴ	CONDITION	affects	ചക്ക	CROP	187	പച്ചക്കറികൾ തഴച്ചുവളരട്ടെ; മഴയായാലും വെയിലായാലും ഈയൊരു വളപ്രയോഗം മതി	മഴക്കാലത്ത് പച്ചക്കറിക്കൃഷിക്ക് പ്രത്യേക ശ്രദ്ധ ആവശ്യമാണ്	2026-05-18T13:31:40.994190
കീടനിയന്ത്രണം	PRACTICE	applied_to	മുളക്	CROP	187	പച്ചക്കറികൾ തഴച്ചുവളരട്ടെ; മഴയായാലും വെയിലായാലും ഈയൊരു വളപ്രയോഗം മതി	\n\n**കീടനിയന്ത്രണം:**\n* **ചാണകവും ഗോമൂത്രവും:** പശുവിൻ ചാണകം വെള്ളത്തിൽ കലക്കി അരിച്ച് അൽപ്പം ഗോമൂത്രവും ചേർത്ത് പയർ, പച്ചമുളക് തുടങ്ങിയ വിളകളിൽ കീടനിയന്ത്രണത്തിനായി തളിക്കാം	2026-05-18T13:31:41.001190
കീടനിയന്ത്രണം	PRACTICE	applied_to	അരി	CROP	187	പച്ചക്കറികൾ തഴച്ചുവളരട്ടെ; മഴയായാലും വെയിലായാലും ഈയൊരു വളപ്രയോഗം മതി	\n\n**കീടനിയന്ത്രണം:**\n* **ചാണകവും ഗോമൂത്രവും:** പശുവിൻ ചാണകം വെള്ളത്തിൽ കലക്കി അരിച്ച് അൽപ്പം ഗോമൂത്രവും ചേർത്ത് പയർ, പച്ചമുളക് തുടങ്ങിയ വിളകളിൽ കീടനിയന്ത്രണത്തിനായി തളിക്കാം	2026-05-18T13:31:41.001190
കീടനിയന്ത്രണം	PRACTICE	applied_to	പയർ	CROP	187	പച്ചക്കറികൾ തഴച്ചുവളരട്ടെ; മഴയായാലും വെയിലായാലും ഈയൊരു വളപ്രയോഗം മതി	\n\n**കീടനിയന്ത്രണം:**\n* **ചാണകവും ഗോമൂത്രവും:** പശുവിൻ ചാണകം വെള്ളത്തിൽ കലക്കി അരിച്ച് അൽപ്പം ഗോമൂത്രവും ചേർത്ത് പയർ, പച്ചമുളക് തുടങ്ങിയ വിളകളിൽ കീടനിയന്ത്രണത്തിനായി തളിക്കാം	2026-05-18T13:31:41.001190
കായ് തുരപ്പൻ	PEST	affects	അമര	CROP	188	പ്രോട്ടീന്‍ കലവറ, വീട്ടുവളപ്പിൽ കൃഷി ചെയ്യാൻ അനുയോജ്യം; അമരപ്പയർ നടാൻ ഇത് നല്ല സമയം	മുഞ്ഞ, ചാഴി, കായ് തുരപ്പൻ, ചിത്രകീടം, പയർ വണ്ട് തുടങ്ങിയ കീടങ്ങൾ അമരയെയും ആക്രമിക്കാറുണ്ട്	2026-05-18T13:31:41.020190
കായ് തുരപ്പൻ	PEST	affects	പയർ	CROP	188	പ്രോട്ടീന്‍ കലവറ, വീട്ടുവളപ്പിൽ കൃഷി ചെയ്യാൻ അനുയോജ്യം; അമരപ്പയർ നടാൻ ഇത് നല്ല സമയം	മുഞ്ഞ, ചാഴി, കായ് തുരപ്പൻ, ചിത്രകീടം, പയർ വണ്ട് തുടങ്ങിയ കീടങ്ങൾ അമരയെയും ആക്രമിക്കാറുണ്ട്	2026-05-18T13:31:41.020190
ചിത്രകീടം	PEST	affects	അമര	CROP	188	പ്രോട്ടീന്‍ കലവറ, വീട്ടുവളപ്പിൽ കൃഷി ചെയ്യാൻ അനുയോജ്യം; അമരപ്പയർ നടാൻ ഇത് നല്ല സമയം	മുഞ്ഞ, ചാഴി, കായ് തുരപ്പൻ, ചിത്രകീടം, പയർ വണ്ട് തുടങ്ങിയ കീടങ്ങൾ അമരയെയും ആക്രമിക്കാറുണ്ട്	2026-05-18T13:31:41.020190
ചിത്രകീടം	PEST	affects	പയർ	CROP	188	പ്രോട്ടീന്‍ കലവറ, വീട്ടുവളപ്പിൽ കൃഷി ചെയ്യാൻ അനുയോജ്യം; അമരപ്പയർ നടാൻ ഇത് നല്ല സമയം	മുഞ്ഞ, ചാഴി, കായ് തുരപ്പൻ, ചിത്രകീടം, പയർ വണ്ട് തുടങ്ങിയ കീടങ്ങൾ അമരയെയും ആക്രമിക്കാറുണ്ട്	2026-05-18T13:31:41.020190
മുഞ്ഞ	PEST	affects	അമര	CROP	188	പ്രോട്ടീന്‍ കലവറ, വീട്ടുവളപ്പിൽ കൃഷി ചെയ്യാൻ അനുയോജ്യം; അമരപ്പയർ നടാൻ ഇത് നല്ല സമയം	മുഞ്ഞ, ചാഴി, കായ് തുരപ്പൻ, ചിത്രകീടം, പയർ വണ്ട് തുടങ്ങിയ കീടങ്ങൾ അമരയെയും ആക്രമിക്കാറുണ്ട്	2026-05-18T13:31:41.020190
മുഞ്ഞ	PEST	affects	പയർ	CROP	188	പ്രോട്ടീന്‍ കലവറ, വീട്ടുവളപ്പിൽ കൃഷി ചെയ്യാൻ അനുയോജ്യം; അമരപ്പയർ നടാൻ ഇത് നല്ല സമയം	മുഞ്ഞ, ചാഴി, കായ് തുരപ്പൻ, ചിത്രകീടം, പയർ വണ്ട് തുടങ്ങിയ കീടങ്ങൾ അമരയെയും ആക്രമിക്കാറുണ്ട്	2026-05-18T13:31:41.020190
ചാഴി	PEST	affects	അമര	CROP	188	പ്രോട്ടീന്‍ കലവറ, വീട്ടുവളപ്പിൽ കൃഷി ചെയ്യാൻ അനുയോജ്യം; അമരപ്പയർ നടാൻ ഇത് നല്ല സമയം	മുഞ്ഞ, ചാഴി, കായ് തുരപ്പൻ, ചിത്രകീടം, പയർ വണ്ട് തുടങ്ങിയ കീടങ്ങൾ അമരയെയും ആക്രമിക്കാറുണ്ട്	2026-05-18T13:31:41.020190
ചാഴി	PEST	affects	പയർ	CROP	188	പ്രോട്ടീന്‍ കലവറ, വീട്ടുവളപ്പിൽ കൃഷി ചെയ്യാൻ അനുയോജ്യം; അമരപ്പയർ നടാൻ ഇത് നല്ല സമയം	മുഞ്ഞ, ചാഴി, കായ് തുരപ്പൻ, ചിത്രകീടം, പയർ വണ്ട് തുടങ്ങിയ കീടങ്ങൾ അമരയെയും ആക്രമിക്കാറുണ്ട്	2026-05-18T13:31:41.020190
പൊട്ടാസ്യം	FERTILIZER	used_for	കാന്താരി	CROP	189	ഇത്തിരിക്കുഞ്ഞനാണെങ്കിലും കാന്താരി ആള് നിസ്സാരക്കാരനല്ല; ഇങ്ങനെയൊന്ന് നട്ടുനോക്കൂ, പറിച്ച് മടുക്കും	എ, സി, ഇ ജീവകങ്ങളാലും കാൽസ്യം, അയൺ, പൊട്ടാസ്യം, ഫോസ്ഫറസ് എന്നിവയാലും കാന്താരി മുളക് സമ്പുഷ്ടമാണ്	2026-05-18T13:31:41.035190
പൊട്ടാസ്യം	FERTILIZER	used_for	മുളക്	CROP	189	ഇത്തിരിക്കുഞ്ഞനാണെങ്കിലും കാന്താരി ആള് നിസ്സാരക്കാരനല്ല; ഇങ്ങനെയൊന്ന് നട്ടുനോക്കൂ, പറിച്ച് മടുക്കും	എ, സി, ഇ ജീവകങ്ങളാലും കാൽസ്യം, അയൺ, പൊട്ടാസ്യം, ഫോസ്ഫറസ് എന്നിവയാലും കാന്താരി മുളക് സമ്പുഷ്ടമാണ്	2026-05-18T13:31:41.035190
ഫോസ്ഫറസ്	FERTILIZER	used_for	കാന്താരി	CROP	189	ഇത്തിരിക്കുഞ്ഞനാണെങ്കിലും കാന്താരി ആള് നിസ്സാരക്കാരനല്ല; ഇങ്ങനെയൊന്ന് നട്ടുനോക്കൂ, പറിച്ച് മടുക്കും	എ, സി, ഇ ജീവകങ്ങളാലും കാൽസ്യം, അയൺ, പൊട്ടാസ്യം, ഫോസ്ഫറസ് എന്നിവയാലും കാന്താരി മുളക് സമ്പുഷ്ടമാണ്	2026-05-18T13:31:41.035190
കാൽസ്യം	FERTILIZER	used_for	കാന്താരി	CROP	189	ഇത്തിരിക്കുഞ്ഞനാണെങ്കിലും കാന്താരി ആള് നിസ്സാരക്കാരനല്ല; ഇങ്ങനെയൊന്ന് നട്ടുനോക്കൂ, പറിച്ച് മടുക്കും	എ, സി, ഇ ജീവകങ്ങളാലും കാൽസ്യം, അയൺ, പൊട്ടാസ്യം, ഫോസ്ഫറസ് എന്നിവയാലും കാന്താരി മുളക് സമ്പുഷ്ടമാണ്	2026-05-18T13:31:41.035190
ഫോസ്ഫറസ്	FERTILIZER	used_for	മുളക്	CROP	189	ഇത്തിരിക്കുഞ്ഞനാണെങ്കിലും കാന്താരി ആള് നിസ്സാരക്കാരനല്ല; ഇങ്ങനെയൊന്ന് നട്ടുനോക്കൂ, പറിച്ച് മടുക്കും	എ, സി, ഇ ജീവകങ്ങളാലും കാൽസ്യം, അയൺ, പൊട്ടാസ്യം, ഫോസ്ഫറസ് എന്നിവയാലും കാന്താരി മുളക് സമ്പുഷ്ടമാണ്	2026-05-18T13:31:41.035190
കാൽസ്യം	FERTILIZER	used_for	മുളക്	CROP	189	ഇത്തിരിക്കുഞ്ഞനാണെങ്കിലും കാന്താരി ആള് നിസ്സാരക്കാരനല്ല; ഇങ്ങനെയൊന്ന് നട്ടുനോക്കൂ, പറിച്ച് മടുക്കും	എ, സി, ഇ ജീവകങ്ങളാലും കാൽസ്യം, അയൺ, പൊട്ടാസ്യം, ഫോസ്ഫറസ് എന്നിവയാലും കാന്താരി മുളക് സമ്പുഷ്ടമാണ്	2026-05-18T13:31:41.035190
വെള്ളീച്ച	PEST	affects	കാന്താരി	CROP	189	ഇത്തിരിക്കുഞ്ഞനാണെങ്കിലും കാന്താരി ആള് നിസ്സാരക്കാരനല്ല; ഇങ്ങനെയൊന്ന് നട്ടുനോക്കൂ, പറിച്ച് മടുക്കും	പച്ചമുളകിനെ ആക്രമിക്കുന്ന വെള്ളീച്ച, മണ്ഡരികൾ, ഇലപ്പേനുകൾ, ശൽക്കകീടങ്ങൾ തുടങ്ങിയവയുടെ ആക്രമണം കാന്താരിയിലും കണ്ടുവരാറുണ്ട്	2026-05-18T13:31:41.042190
വെള്ളീച്ച	PEST	affects	മുളക്	CROP	189	ഇത്തിരിക്കുഞ്ഞനാണെങ്കിലും കാന്താരി ആള് നിസ്സാരക്കാരനല്ല; ഇങ്ങനെയൊന്ന് നട്ടുനോക്കൂ, പറിച്ച് മടുക്കും	പച്ചമുളകിനെ ആക്രമിക്കുന്ന വെള്ളീച്ച, മണ്ഡരികൾ, ഇലപ്പേനുകൾ, ശൽക്കകീടങ്ങൾ തുടങ്ങിയവയുടെ ആക്രമണം കാന്താരിയിലും കണ്ടുവരാറുണ്ട്	2026-05-18T13:31:41.042190
മണ്ഡരി	PEST	affects	കാന്താരി	CROP	189	ഇത്തിരിക്കുഞ്ഞനാണെങ്കിലും കാന്താരി ആള് നിസ്സാരക്കാരനല്ല; ഇങ്ങനെയൊന്ന് നട്ടുനോക്കൂ, പറിച്ച് മടുക്കും	പച്ചമുളകിനെ ആക്രമിക്കുന്ന വെള്ളീച്ച, മണ്ഡരികൾ, ഇലപ്പേനുകൾ, ശൽക്കകീടങ്ങൾ തുടങ്ങിയവയുടെ ആക്രമണം കാന്താരിയിലും കണ്ടുവരാറുണ്ട്	2026-05-18T13:31:41.042190
മണ്ഡരി	PEST	affects	മുളക്	CROP	189	ഇത്തിരിക്കുഞ്ഞനാണെങ്കിലും കാന്താരി ആള് നിസ്സാരക്കാരനല്ല; ഇങ്ങനെയൊന്ന് നട്ടുനോക്കൂ, പറിച്ച് മടുക്കും	പച്ചമുളകിനെ ആക്രമിക്കുന്ന വെള്ളീച്ച, മണ്ഡരികൾ, ഇലപ്പേനുകൾ, ശൽക്കകീടങ്ങൾ തുടങ്ങിയവയുടെ ആക്രമണം കാന്താരിയിലും കണ്ടുവരാറുണ്ട്	2026-05-18T13:31:41.042190
മഞ്ഞക്കെണി	TREATMENT	used_for	കാന്താരി	CROP	189	ഇത്തിരിക്കുഞ്ഞനാണെങ്കിലും കാന്താരി ആള് നിസ്സാരക്കാരനല്ല; ഇങ്ങനെയൊന്ന് നട്ടുനോക്കൂ, പറിച്ച് മടുക്കും	\n\nകാന്താരിയെ ആക്രമിക്കുന്ന വെള്ളീച്ചകളെ മഞ്ഞക്കെണി ഉപയോഗിച്ച് നിയന്ത്രിക്കാം	2026-05-18T13:31:41.044190
ജൈവകീടനാശിനി	TREATMENT	used_for	കാന്താരി	CROP	189	ഇത്തിരിക്കുഞ്ഞനാണെങ്കിലും കാന്താരി ആള് നിസ്സാരക്കാരനല്ല; ഇങ്ങനെയൊന്ന് നട്ടുനോക്കൂ, പറിച്ച് മടുക്കും	കാന്താരി മുളക് തന്നെ മികച്ചൊരു ജൈവകീടനാശിനിയാണ്	2026-05-18T13:31:41.047190
ജൈവകീടനാശിനി	TREATMENT	used_for	മുളക്	CROP	189	ഇത്തിരിക്കുഞ്ഞനാണെങ്കിലും കാന്താരി ആള് നിസ്സാരക്കാരനല്ല; ഇങ്ങനെയൊന്ന് നട്ടുനോക്കൂ, പറിച്ച് മടുക്കും	കാന്താരി മുളക് തന്നെ മികച്ചൊരു ജൈവകീടനാശിനിയാണ്	2026-05-18T13:31:41.047190
കായ് തുരപ്പൻ	PEST	affects	അമര	CROP	190	അമരപ്പയർ കൃഷി ചെയ്യാം	\n\nമുഞ്ഞ, ചാഴി, കായ് തുരപ്പൻ, ചിത്രകീടം, പയർ വണ്ട് തുടങ്ങിയ കീടങ്ങൾ അമരപ്പയറിനെ ആക്രമിക്കാൻ സാധ്യതയുണ്ട്	2026-05-18T13:31:41.067191
കായ് തുരപ്പൻ	PEST	affects	പയർ	CROP	190	അമരപ്പയർ കൃഷി ചെയ്യാം	\n\nമുഞ്ഞ, ചാഴി, കായ് തുരപ്പൻ, ചിത്രകീടം, പയർ വണ്ട് തുടങ്ങിയ കീടങ്ങൾ അമരപ്പയറിനെ ആക്രമിക്കാൻ സാധ്യതയുണ്ട്	2026-05-18T13:31:41.067191
ചിത്രകീടം	PEST	affects	അമര	CROP	190	അമരപ്പയർ കൃഷി ചെയ്യാം	\n\nമുഞ്ഞ, ചാഴി, കായ് തുരപ്പൻ, ചിത്രകീടം, പയർ വണ്ട് തുടങ്ങിയ കീടങ്ങൾ അമരപ്പയറിനെ ആക്രമിക്കാൻ സാധ്യതയുണ്ട്	2026-05-18T13:31:41.067191
ചിത്രകീടം	PEST	affects	പയർ	CROP	190	അമരപ്പയർ കൃഷി ചെയ്യാം	\n\nമുഞ്ഞ, ചാഴി, കായ് തുരപ്പൻ, ചിത്രകീടം, പയർ വണ്ട് തുടങ്ങിയ കീടങ്ങൾ അമരപ്പയറിനെ ആക്രമിക്കാൻ സാധ്യതയുണ്ട്	2026-05-18T13:31:41.067191
മുഞ്ഞ	PEST	affects	അമര	CROP	190	അമരപ്പയർ കൃഷി ചെയ്യാം	\n\nമുഞ്ഞ, ചാഴി, കായ് തുരപ്പൻ, ചിത്രകീടം, പയർ വണ്ട് തുടങ്ങിയ കീടങ്ങൾ അമരപ്പയറിനെ ആക്രമിക്കാൻ സാധ്യതയുണ്ട്	2026-05-18T13:31:41.067191
മുഞ്ഞ	PEST	affects	പയർ	CROP	190	അമരപ്പയർ കൃഷി ചെയ്യാം	\n\nമുഞ്ഞ, ചാഴി, കായ് തുരപ്പൻ, ചിത്രകീടം, പയർ വണ്ട് തുടങ്ങിയ കീടങ്ങൾ അമരപ്പയറിനെ ആക്രമിക്കാൻ സാധ്യതയുണ്ട്	2026-05-18T13:31:41.067191
ചാഴി	PEST	affects	അമര	CROP	190	അമരപ്പയർ കൃഷി ചെയ്യാം	\n\nമുഞ്ഞ, ചാഴി, കായ് തുരപ്പൻ, ചിത്രകീടം, പയർ വണ്ട് തുടങ്ങിയ കീടങ്ങൾ അമരപ്പയറിനെ ആക്രമിക്കാൻ സാധ്യതയുണ്ട്	2026-05-18T13:31:41.067191
ചാഴി	PEST	affects	പയർ	CROP	190	അമരപ്പയർ കൃഷി ചെയ്യാം	\n\nമുഞ്ഞ, ചാഴി, കായ് തുരപ്പൻ, ചിത്രകീടം, പയർ വണ്ട് തുടങ്ങിയ കീടങ്ങൾ അമരപ്പയറിനെ ആക്രമിക്കാൻ സാധ്യതയുണ്ട്	2026-05-18T13:31:41.067191
കുമ്മായം	TREATMENT	used_for	ചോളം	CROP	193	വടക്ക് മാത്രമല്ല, നമ്മുടെ നാട്ടിലും ചോളം വിളയും; മഴ പെയ്യുമ്പോൾ നടാം	ധാരാളം പോഷകഗുണങ്ങൾ അടങ്ങിയ ചോളം കൃഷി ചെയ്യുന്നതിനായി മണ്ണ് നന്നായി കിളച്ച് കുമ്മായം ചേർത്ത് നനയ്ക്കണം	2026-05-18T13:31:41.156190
വൈറസ്	DISEASE	affects	പപ്പായ	CROP	194	പപ്പായ കൃഷി ലാഭമാണ്, പക്ഷേ കേ​മ​നാരെന്ന് അറിഞ്ഞ് ചെയ്യണം	\n\nപപ്പായ ചെടികളെ ബാധിക്കുന്ന പ്രധാന രോഗങ്ങൾ ഫംഗസ് മൂലമുള്ള തടയഴുകൽ, വൈറസ് മൂലമുള്ള ഇലചുരുളൽ, വാട്ടം എന്നിവയാണ്	2026-05-18T13:31:41.178190
ബോർഡോ മിശ്രിതം	TREATMENT	treats	ചീയൽ	DISEASE	194	പപ്പായ കൃഷി ലാഭമാണ്, പക്ഷേ കേ​മ​നാരെന്ന് അറിഞ്ഞ് ചെയ്യണം	മഴക്കാലത്തിന് മുമ്പായി ഇലകൾക്ക് താഴെ വരെ തണ്ടിൽ ബോർഡോ മിശ്രിതം പുരട്ടുന്നത് തണ്ട് ചീയൽ പോലുള്ള പ്രശ്നങ്ങളെ തടയും	2026-05-18T13:31:41.180191
കീടനാശിനി	TREATMENT	used_for	ചക്ക	CROP	196	അടുക്കളത്തോട്ടം എന്ന മാന്ത്രികത്തോട്ടം; വിളവെടുക്കാം പച്ചക്കറിയോടൊപ്പം മാനസികോല്ലാസവും,	ദിവസവും അല്പസമയം മാറ്റിവെച്ചാൽ രാസവളങ്ങളോ കീടനാശിനികളോ ഇല്ലാതെ വീട്ടിലേക്കുള്ള അത്യാവശ്യ പച്ചക്കറികൾ ഉൽപ്പാദിപ്പിക്കാൻ സാധിക്കും	2026-05-18T13:31:41.212191
ജലസേചനം	PRACTICE	applied_to	ചീര	CROP	197	വളർത്താൻ സിംപിളാണ്, കഴിച്ചാൽ പവർഫുളാണ് -ചീര	ചീരക്കൃഷിയിൽ ജലസേചനം വളരെ പ്രധാനമാണ്	2026-05-18T13:31:41.292190
ഇരുമ്പ്	FERTILIZER	used_for	ചീര	CROP	197	വളർത്താൻ സിംപിളാണ്, കഴിച്ചാൽ പവർഫുളാണ് -ചീര	വിറ്റാമിൻ എ, വിറ്റാമിൻ സി, വിറ്റാമിൻ കെ, ഇരുമ്പ് എന്നിവ ചീരയിൽ സമൃദ്ധമായി അടങ്ങിയിട്ടുണ്ട്	2026-05-18T13:31:41.302192
ചീയൽ	DISEASE	affects	ജാതി	CROP	198	ജാതിയിൽ കായ ചീയൽ രോഗമുണ്ടോ? ഇതാ പരിഹാരമുണ്ട്	"""ജാതിക്ക കർഷകർ നേരിടുന്ന പ്രധാന പ്രശ്നങ്ങളിലൊന്നാണ് കായ ചീയൽ രോഗം"	2026-05-18T13:31:41.311191
വാട്ടരോഗം	DISEASE	affects	മുളക്	CROP	199	പച്ചക്കറികളിൽ വാട്ടരോഗമുണ്ടോ? നിലം ഒരുക്കുമ്പോൾ തന്നെ ഇങ്ങനെ ചെയ്തുനോക്കൂ, തഴച്ചുവളരുന്നത് കാണാം	"""തക്കാളി, വഴുതന, മുളക് തുടങ്ങിയ വിളകളിൽ സാധാരണയായി കാണുന്ന ബാക്ടീരിയൽ വാട്ടരോഗം തടയാൻ ചില മാർഗ്ഗങ്ങളുണ്ട്"	2026-05-18T13:31:41.331225
വാട്ടരോഗം	DISEASE	affects	വഴുതന	CROP	199	പച്ചക്കറികളിൽ വാട്ടരോഗമുണ്ടോ? നിലം ഒരുക്കുമ്പോൾ തന്നെ ഇങ്ങനെ ചെയ്തുനോക്കൂ, തഴച്ചുവളരുന്നത് കാണാം	"""തക്കാളി, വഴുതന, മുളക് തുടങ്ങിയ വിളകളിൽ സാധാരണയായി കാണുന്ന ബാക്ടീരിയൽ വാട്ടരോഗം തടയാൻ ചില മാർഗ്ഗങ്ങളുണ്ട്"	2026-05-18T13:31:41.331225
നീർവാർച്ച	CONDITION	affects	ചക്ക	CROP	200	കുരുമുളകിന് വാട്ടരോഗമുണ്ടോ? വേപ്പിൻപിണ്ണാക്ക് കൊണ്ട് ഒരു പ്രയോഗമുണ്ട്,	നീർവാർച്ചക്കുറവും ഈ രോഗത്തിന്റെ ഒരു പ്രധാന കാരണമാണ്	2026-05-18T13:31:41.342224
വേപ്പിൻപിണ്ണാക്ക്	FERTILIZER	used_for	കുരുമുളക്	CROP	200	കുരുമുളകിന് വാട്ടരോഗമുണ്ടോ? വേപ്പിൻപിണ്ണാക്ക് കൊണ്ട് ഒരു പ്രയോഗമുണ്ട്,	\n\nസാവധാന വാട്ടരോഗത്തെ നിയന്ത്രിക്കുന്നതിനായി കുരുമുളക് ചെടിയുടെ ചുവട്ടിൽ വേപ്പിൻപിണ്ണാക്ക് ഇട്ടുകൊടുക്കുക	2026-05-18T13:31:41.343225
പൊട്ടാസ്യം	FERTILIZER	used_for	ചേന	CROP	204	ചൊറിയനാണെങ്കിലും ആള് കേമനാ; ചേന നമ്മൾ ഉദ്ദേശിച്ചയാളല്ല...,	പോഷകങ്ങളുടെ കലവറയായ ചേനയിൽ നാരുകൾ, പൊട്ടാസ്യം, കാത്സ്യം, മഗ്നീഷ്യം, സെലിനിയം, സിങ്ക്, കോപ്പർ, ഇരുമ്പ്, ഫോസ്ഫറസ്, വിറ്റാമിൻ എ, ബി, പ്രോട്ടീൻ, ബീറ്റാസിറ്റോസ്റ്റിറോൾ, ബിറ്റുലിനിക് ആസിഡ്, സ്റ്റിഗ്മാസ്റ്റിറോൾ, ലൂപിയോൾ, ഫ്‌ളേവനോയ്ഡുകൾ എന്നിവ ധാരാളമായി അടങ്ങിയിരിക്കുന്നു	2026-05-18T13:31:41.403224
ഫോസ്ഫറസ്	FERTILIZER	used_for	ചേന	CROP	204	ചൊറിയനാണെങ്കിലും ആള് കേമനാ; ചേന നമ്മൾ ഉദ്ദേശിച്ചയാളല്ല...,	പോഷകങ്ങളുടെ കലവറയായ ചേനയിൽ നാരുകൾ, പൊട്ടാസ്യം, കാത്സ്യം, മഗ്നീഷ്യം, സെലിനിയം, സിങ്ക്, കോപ്പർ, ഇരുമ്പ്, ഫോസ്ഫറസ്, വിറ്റാമിൻ എ, ബി, പ്രോട്ടീൻ, ബീറ്റാസിറ്റോസ്റ്റിറോൾ, ബിറ്റുലിനിക് ആസിഡ്, സ്റ്റിഗ്മാസ്റ്റിറോൾ, ലൂപിയോൾ, ഫ്‌ളേവനോയ്ഡുകൾ എന്നിവ ധാരാളമായി അടങ്ങിയിരിക്കുന്നു	2026-05-18T13:31:41.403224
ഇരുമ്പ്	FERTILIZER	used_for	ചേന	CROP	204	ചൊറിയനാണെങ്കിലും ആള് കേമനാ; ചേന നമ്മൾ ഉദ്ദേശിച്ചയാളല്ല...,	പോഷകങ്ങളുടെ കലവറയായ ചേനയിൽ നാരുകൾ, പൊട്ടാസ്യം, കാത്സ്യം, മഗ്നീഷ്യം, സെലിനിയം, സിങ്ക്, കോപ്പർ, ഇരുമ്പ്, ഫോസ്ഫറസ്, വിറ്റാമിൻ എ, ബി, പ്രോട്ടീൻ, ബീറ്റാസിറ്റോസ്റ്റിറോൾ, ബിറ്റുലിനിക് ആസിഡ്, സ്റ്റിഗ്മാസ്റ്റിറോൾ, ലൂപിയോൾ, ഫ്‌ളേവനോയ്ഡുകൾ എന്നിവ ധാരാളമായി അടങ്ങിയിരിക്കുന്നു	2026-05-18T13:31:41.403224
ഇടവിള	PRACTICE	applied_to	ചേന	CROP	204	ചൊറിയനാണെങ്കിലും ആള് കേമനാ; ചേന നമ്മൾ ഉദ്ദേശിച്ചയാളല്ല...,	തനിവിളയായും തെങ്ങിൻതോപ്പുകളിലും മറ്റും ഇടവിളയായും ചേന കൃഷി ചെയ്യാവുന്നതാണ്	2026-05-18T13:31:41.406224
പൊട്ടാഷ്	FERTILIZER	used_for	ചേന	CROP	204	ചൊറിയനാണെങ്കിലും ആള് കേമനാ; ചേന നമ്മൾ ഉദ്ദേശിച്ചയാളല്ല...,	\n\nചേന നട്ട് ഒന്നര മാസമാകുമ്പോൾ കള നിയന്ത്രണത്തിനും ഇടയിളക്കലിനും ശേഷം ഹെക്ടറൊന്നിന് 50:50:75 കിലോ എന്ന തോതിൽ യൂറിയ, ഫോസ്ഫറസ്, പൊട്ടാഷ് എന്നിവ നൽകണം	2026-05-18T13:31:41.418225
യൂറിയ	FERTILIZER	used_for	ചേന	CROP	204	ചൊറിയനാണെങ്കിലും ആള് കേമനാ; ചേന നമ്മൾ ഉദ്ദേശിച്ചയാളല്ല...,	\n\nചേന നട്ട് ഒന്നര മാസമാകുമ്പോൾ കള നിയന്ത്രണത്തിനും ഇടയിളക്കലിനും ശേഷം ഹെക്ടറൊന്നിന് 50:50:75 കിലോ എന്ന തോതിൽ യൂറിയ, ഫോസ്ഫറസ്, പൊട്ടാഷ് എന്നിവ നൽകണം	2026-05-18T13:31:41.418225
കാൽസ്യം	FERTILIZER	used_for	ചേന	CROP	204	ചൊറിയനാണെങ്കിലും ആള് കേമനാ; ചേന നമ്മൾ ഉദ്ദേശിച്ചയാളല്ല...,	\n\nകാൽസ്യം ഓക്സലേറ്റിന്റെ അളവ് കൂടിയ ചേനയ്ക്ക് ചൊറിച്ചിൽ കൂടുതലായിരിക്കും	2026-05-18T13:31:41.434224
മഴ	CONDITION	affects	പയർ	CROP	205	എല്ലാക്കാലവും കൃഷി ചെയ്യാം, എളുപ്പം വിളവെടുക്കാം; പയർ കൃഷി ഇത്ര സിംപിളാണോ? ശ്രദ്ധിക്കേണ്ട കാര്യങ്ങൾ	"""വർഷത്തിൽ എല്ലാ സമയത്തും കൃഷിചെയ്യാവുന്ന പയർ, മഴക്കാലത്തും വേനൽക്കാലത്തും ഒരുപോലെ കൃഷി ചെയ്യാൻ അനുയോജ്യമാണ്"	2026-05-18T13:31:41.438234
കുമ്മായം	TREATMENT	used_for	കപ്പ	CROP	205	എല്ലാക്കാലവും കൃഷി ചെയ്യാം, എളുപ്പം വിളവെടുക്കാം; പയർ കൃഷി ഇത്ര സിംപിളാണോ? ശ്രദ്ധിക്കേണ്ട കാര്യങ്ങൾ	കൃഷിയിടം നന്നായി ഉഴുതുമറിച്ച് കട്ടകൾ ഉടച്ച് മണ്ണ് പാകപ്പെടുത്തിയ ശേഷം കുമ്മായം ചേർക്കണം	2026-05-18T13:31:41.449234
വിളവെടുപ്പ്	PRACTICE	applied_to	പയർ	CROP	205	എല്ലാക്കാലവും കൃഷി ചെയ്യാം, എളുപ്പം വിളവെടുക്കാം; പയർ കൃഷി ഇത്ര സിംപിളാണോ? ശ്രദ്ധിക്കേണ്ട കാര്യങ്ങൾ	പയർ അധികം മൂക്കുന്നതിന് മുമ്പേ വിളവെടുപ്പ് ആരംഭിക്കണം	2026-05-18T13:31:41.456743
ജൈവകീടനാശിനി	TREATMENT	treats	മഞ്ഞളിപ്പ്	DISEASE	206	സ്ഥലമില്ലായ്മയാണോ പ്രശ്നം? ഗ്രോബാഗിൽ വെണ്ട കൃഷി ചെയ്തുനോക്കൂ,	സിംബിഡിൻ, ഏലയ്ക്കാനീം പോലുള്ള വേപ്പധിഷ്ഠിത കീടനാശിനികളോ മറ്റ് ജൈവകീടനാശിനികളോ മഞ്ഞളിപ്പ് രോഗത്തിനെതിരെ ഉപയോഗിക്കാം	2026-05-18T13:31:41.478743
വെളുത്തുള്ളി മിശ്രിതം	TREATMENT	used_for	കാന്താരി	CROP	210	കടയിൽ നിന്ന് വാങ്ങേണ്ടിവരില്ല; വെണ്ട കൃഷി ചെയ്യൂ, വർഷം മുഴുവൻ വിളവെടുക്കാം	കാന്താരി മുളക് മിശ്രിതം, വേപ്പെണ്ണ എമൽഷൻ, വെളുത്തുള്ളി മിശ്രിതം എന്നിവയും പ്രയോജനകരമാണ്	2026-05-18T13:31:41.564743
വെളുത്തുള്ളി മിശ്രിതം	TREATMENT	used_for	മുളക്	CROP	210	കടയിൽ നിന്ന് വാങ്ങേണ്ടിവരില്ല; വെണ്ട കൃഷി ചെയ്യൂ, വർഷം മുഴുവൻ വിളവെടുക്കാം	കാന്താരി മുളക് മിശ്രിതം, വേപ്പെണ്ണ എമൽഷൻ, വെളുത്തുള്ളി മിശ്രിതം എന്നിവയും പ്രയോജനകരമാണ്	2026-05-18T13:31:41.564743
ഇലപ്പുള്ളി	DISEASE	affects	ചീര	CROP	211	ചീരയിലെ ഇലപ്പുള്ളി രോഗം നിഷ്പ്രയാസം ഇല്ലാതാക്കാം; ഇങ്ങനെ ചെയ്തുനോക്കൂ..	പച്ച ചീരയ്ക്ക് ഇലപ്പുള്ളി രോഗത്തെ പ്രതിരോധിക്കാനുള്ള കഴിവുണ്ട്	2026-05-18T13:31:41.580743
സ്യൂഡോമോണാസ്	TREATMENT	treats	ഇലപ്പുള്ളി	DISEASE	211	ചീരയിലെ ഇലപ്പുള്ളി രോഗം നിഷ്പ്രയാസം ഇല്ലാതാക്കാം; ഇങ്ങനെ ചെയ്തുനോക്കൂ..	\n\nജൈവരീതിയിൽ ഇലപ്പുള്ളി രോഗത്തെ നിയന്ത്രിക്കാൻ മറ്റൊരു ഫലപ്രദമായ മാർഗ്ഗം 2% ചാണകത്തെളിയിൽ 2% സ്യൂഡോമോണാസ് കലക്കി തളിക്കുക എന്നതാണ്	2026-05-18T13:31:41.590742
വെളുത്തുള്ളി മിശ്രിതം	TREATMENT	used_for	ആവണക്കെണ്ണ	CROP	212	കയ്പാണെങ്കിലെന്താ, കയ്പക്ക ഒരു സംഭവം തന്നെ; ഒന്നു ശ്രദ്ധിച്ചാൽ വിളവ് ഇരട്ടിയാക്കാം	**കീടരോഗ നിയന്ത്രണം**: വള്ളി വീശിത്തുടങ്ങുമ്പോൾ മുതൽ ആഴ്ചയിലൊരിക്കൽ വേപ്പെണ്ണ-ആവണക്കെണ്ണ-വെളുത്തുള്ളി മിശ്രിതം സ്പ്രേ ചെയ്യുന്നത് പച്ചത്തുള്ളൻ, വെള്ളീച്ചകൾ തുടങ്ങിയ കീടങ്ങളിൽ നിന്ന് ചെടിയെ സംരക്ഷിക്കാൻ സഹായിക്കും	2026-05-18T13:31:41.604746
വെള്ളീച്ച	PEST	affects	ആവണക്കെണ്ണ	CROP	212	കയ്പാണെങ്കിലെന്താ, കയ്പക്ക ഒരു സംഭവം തന്നെ; ഒന്നു ശ്രദ്ധിച്ചാൽ വിളവ് ഇരട്ടിയാക്കാം	**കീടരോഗ നിയന്ത്രണം**: വള്ളി വീശിത്തുടങ്ങുമ്പോൾ മുതൽ ആഴ്ചയിലൊരിക്കൽ വേപ്പെണ്ണ-ആവണക്കെണ്ണ-വെളുത്തുള്ളി മിശ്രിതം സ്പ്രേ ചെയ്യുന്നത് പച്ചത്തുള്ളൻ, വെള്ളീച്ചകൾ തുടങ്ങിയ കീടങ്ങളിൽ നിന്ന് ചെടിയെ സംരക്ഷിക്കാൻ സഹായിക്കും	2026-05-18T13:31:41.604746
ചകിരിച്ചോറ്	FERTILIZER	used_for	കാപ്പി	CROP	213	ടെറസ് വെറുതെയിടല്ലേ, കുറച്ച് ഗ്രോബാഗ് വാങ്ങി ഇങ്ങനെ കൃഷി ചെയ്തുനോക്കൂ; കാണാം മാജിക്	മണലിന് പകരം ചകിരിച്ചോറ്, തടിചിന്തേരിന്റെ പൊടി (അറക്കപ്പൊടിയല്ല), കാപ്പിത്തൊണ്ട് എന്നിവ ഉപയോഗിക്കാം	2026-05-18T13:31:41.636743
ചകിരിച്ചോറ്	FERTILIZER	used_for	കപ്പ	CROP	213	ടെറസ് വെറുതെയിടല്ലേ, കുറച്ച് ഗ്രോബാഗ് വാങ്ങി ഇങ്ങനെ കൃഷി ചെയ്തുനോക്കൂ; കാണാം മാജിക്	മണലിന് പകരം ചകിരിച്ചോറ്, തടിചിന്തേരിന്റെ പൊടി (അറക്കപ്പൊടിയല്ല), കാപ്പിത്തൊണ്ട് എന്നിവ ഉപയോഗിക്കാം	2026-05-18T13:31:41.636743
വളപ്രയോഗം	PRACTICE	applied_to	ചീര	CROP	215	അടുക്കളത്തോട്ടം വേറെ ലെവലാകും; ഈ ആറു​ വഴികൾ പരീക്ഷിച്ചുനോക്കൂ, ഫലം അനുഭവിച്ചറിയാ	\n\n**വളപ്രയോഗം**\nചീര പാകമാകുമ്പോൾ പിഴുതെടുക്കാതെ മുറിച്ചെടുത്ത് വളമിട്ടാൽ വീണ്ടും വിളവ് ലഭിക്കും	2026-05-18T13:31:41.701752
മഴ	CONDITION	affects	കോവൽ	CROP	216	കോവൽ ഇങ്ങനെ നട്ടാൽ പിന്നെ എല്ലാക്കാലവും വിളവെടുക്കാം; ചെലവോ തുച്ഛം, ഗുണമോ മെച്ചം	മഴക്കാലത്തും കോവൽ നല്ല വിളവ് നൽകും	2026-05-18T13:31:41.761752
പൊട്ടാസ്യം	FERTILIZER	used_for	ചോളം	CROP	217	അരക്കിലോ പിണ്ണാക്ക് കൊണ്ട് 100 ലിറ്റര്‍ ജൈവവളമുണ്ടാക്കാം; ഇങ്ങനെ ചെയ്തുനോക്കൂ, കാണാം കടലപ്പിണ്ണാക്കിന്‍റെ മാജിക്	\n\nഒരു ചെടിയുടെ ആരോഗ്യകരമായ വളർച്ചയ്ക്കും പ്രതിരോധശേഷിക്കും പൂവിടുന്നതിനും നൈട്രജൻ, ഫോസ്ഫറസ്, പൊട്ടാസ്യം തുടങ്ങിയ പ്രധാന മൂലകങ്ങളും പതിനഞ്ചോളം ഉപമൂലകങ്ങളും സൂക്ഷ്മാണുക്കളും ആവശ്യമാണ്	2026-05-18T13:31:41.772176
ഫോസ്ഫറസ്	FERTILIZER	used_for	ചോളം	CROP	217	അരക്കിലോ പിണ്ണാക്ക് കൊണ്ട് 100 ലിറ്റര്‍ ജൈവവളമുണ്ടാക്കാം; ഇങ്ങനെ ചെയ്തുനോക്കൂ, കാണാം കടലപ്പിണ്ണാക്കിന്‍റെ മാജിക്	\n\nഒരു ചെടിയുടെ ആരോഗ്യകരമായ വളർച്ചയ്ക്കും പ്രതിരോധശേഷിക്കും പൂവിടുന്നതിനും നൈട്രജൻ, ഫോസ്ഫറസ്, പൊട്ടാസ്യം തുടങ്ങിയ പ്രധാന മൂലകങ്ങളും പതിനഞ്ചോളം ഉപമൂലകങ്ങളും സൂക്ഷ്മാണുക്കളും ആവശ്യമാണ്	2026-05-18T13:31:41.772176
നൈട്രജൻ	FERTILIZER	used_for	ചോളം	CROP	217	അരക്കിലോ പിണ്ണാക്ക് കൊണ്ട് 100 ലിറ്റര്‍ ജൈവവളമുണ്ടാക്കാം; ഇങ്ങനെ ചെയ്തുനോക്കൂ, കാണാം കടലപ്പിണ്ണാക്കിന്‍റെ മാജിക്	\n\nഒരു ചെടിയുടെ ആരോഗ്യകരമായ വളർച്ചയ്ക്കും പ്രതിരോധശേഷിക്കും പൂവിടുന്നതിനും നൈട്രജൻ, ഫോസ്ഫറസ്, പൊട്ടാസ്യം തുടങ്ങിയ പ്രധാന മൂലകങ്ങളും പതിനഞ്ചോളം ഉപമൂലകങ്ങളും സൂക്ഷ്മാണുക്കളും ആവശ്യമാണ്	2026-05-18T13:31:41.772176
താപനില	CONDITION	affects	അരി	CROP	218	"കിലോക്ക് വില നാല് ലക്ഷം വരെ, സുഗന്ധവ്യഞ്ജനങ്ങളിലെ മിന്നും താരം; അറിയാം കുങ്കുമപ്പൂവിനെ"""	ലോഹം കൊണ്ടുള്ള അരിപ്പയ്ക്ക് മുകളിൽ കുങ്കുമം വെച്ച്, അതിനു താഴെ കൽക്കരിയോ മരമോ കത്തിച്ച് 30 മുതൽ 35 ഡിഗ്രി സെൽഷ്യസ് വരെ താപനിലയിൽ ഉണക്കുന്നു	2026-05-18T13:31:41.802176
സൂര്യപ്രകാശം	CONDITION	affects	ചക്ക	CROP	219	വേനൽ വരികയല്ലേ, ഇങ്ങനെ കൃഷി ചെയ്ത് നോക്കൂ; പിന്നെ പച്ചക്കറി പുറത്തുനിന്ന് വാങ്ങേണ്ടിവരില്ല	നല്ല സൂര്യപ്രകാശം ലഭിക്കുന്നതിനാൽ ടെറസിലെ പച്ചക്കറികൾക്ക് മികച്ച വിളവ് ലഭിക്കും	2026-05-18T13:31:41.814702
ജലസേചനം	PRACTICE	applied_to	ചീര	CROP	222	ഈ രീതിയിൽ ചീര നട്ടു നോക്കൂ; വിളവെടുത്ത് മടുക്കും!	ചീരകൃഷിയിൽ ജലസേചനം വളരെ പ്രധാനമാണ്	2026-05-18T13:31:41.864238
ഇരുമ്പ്	FERTILIZER	used_for	ചീര	CROP	222	ഈ രീതിയിൽ ചീര നട്ടു നോക്കൂ; വിളവെടുത്ത് മടുക്കും!	\n\nചീരയിൽ ജീവകം എ, സി, കെ, ഇരുമ്പ് എന്നിവ ധാരാളമായി അടങ്ങിയിട്ടുണ്ട്	2026-05-18T13:31:41.871240
മഴ	CONDITION	affects	ചക്ക	CROP	223	മ​ണ്ണ​റി​ഞ്ഞ് കൃ​ഷി ചെ​യ്യാം	\n\nവേനൽക്കാലത്തും മഴക്കാലത്തും എന്നപോലെ വിവിധ പച്ചക്കറികൾ തണുപ്പുകാലത്തും കൃഷി ചെയ്യാം	2026-05-18T13:31:41.902693
വളപ്രയോഗം	PRACTICE	applied_to	പേര	CROP	224	പേ​ര് പേ​ര​ക്ക, നി​സ്സാ​ര​ക്കാ​ര​ന​ല്ല	കുറഞ്ഞ ചെലവിൽ കുറച്ചു സ്ഥലത്ത് കാര്യമായ വളപ്രയോഗം നടത്താതെ നല്ല ഫലം ലഭിക്കും പേരയിൽനിന്ന്	2026-05-18T13:31:41.964526
പൊട്ടാസ്യം	FERTILIZER	used_for	പേര	CROP	224	പേ​ര് പേ​ര​ക്ക, നി​സ്സാ​ര​ക്കാ​ര​ന​ല്ല	വിറ്റാമിൻ എ, സി, വിറ്റാമിൻ ബി2, ഇ, കെ, ഫൈബർ, മാംഗനീസ്, പൊട്ടാസ്യം, അയൺ, ഫോസ്ഫറസ് എന്നിവയാൽ സമ്പുഷ്ടമാണ് പേരക്ക	2026-05-18T13:31:41.966535
ഫോസ്ഫറസ്	FERTILIZER	used_for	പേര	CROP	224	പേ​ര് പേ​ര​ക്ക, നി​സ്സാ​ര​ക്കാ​ര​ന​ല്ല	വിറ്റാമിൻ എ, സി, വിറ്റാമിൻ ബി2, ഇ, കെ, ഫൈബർ, മാംഗനീസ്, പൊട്ടാസ്യം, അയൺ, ഫോസ്ഫറസ് എന്നിവയാൽ സമ്പുഷ്ടമാണ് പേരക്ക	2026-05-18T13:31:41.966535
മഴ	CONDITION	affects	പേര	CROP	224	പേ​ര് പേ​ര​ക്ക, നി​സ്സാ​ര​ക്കാ​ര​ന​ല്ല	മിതമായ രീതിയിൽ ലഭിക്കുന്ന മഴയാണ് പേരക്കക്ക് വളരാൻ അനുയോജ്യം	2026-05-18T13:31:41.974561
ഇടവിള	PRACTICE	applied_to	പേര	CROP	224	പേ​ര് പേ​ര​ക്ക, നി​സ്സാ​ര​ക്കാ​ര​ന​ല്ല	\n\nതനിവിളയായും ഇടവിളയായും പേര കൃഷി ചെയ്യാം	2026-05-18T13:31:41.976565
ചാഴി	PEST	affects	ചക്ക	CROP	225	വീട്ടിൽ കൃഷി ചെയ്യുന്നവരാണോ? ഇക്കാര്യങ്ങൾ ശ്രദ്ധിച്ചാൽ കീടങ്ങൾ പരിസരത്ത് വരില്ല	പയറിലെ ചാഴിയെ അകറ്റാൻ വൈകുന്നേരം 6 മുതൽ 7 മണി വരെ പന്തം വെളിയിൽ വയ്ക്കുന്ന വെളിച്ചക്കെണി ഉപയോഗിക്കാം	2026-05-18T13:31:42.012471
കീടനാശിനി	TREATMENT	treats	പൂപ്പൽ	DISEASE	228	മുളകിലെ മായക്കാഴ്ചകൾ	കീടനാശിനികൾ, പൂപ്പൽ വിഷങ്ങൾ (മൈക്കോടോക്സിൻ), ഘനലോഹങ്ങൾ (ഹെവി മെറ്റൽസ്) എന്നിവ കൂടാതെ ഇഷ്ടികപ്പൊടി, മിനറൽ ഓയിൽ, രാസച്ചായങ്ങൾ, കൽക്കരി, സോപ്പ് കല്ല്, ചോക്ക് പൊടി, പൊടിയുപ്പ് തുടങ്ങിയവയാണ് അജൈവ നിഷ്ക്രിയമായങ്ങളിൽ പ്രധാനപ്പെട്ടവ	2026-05-18T13:31:42.051912
കീടനാശിനി	TREATMENT	used_for	കപ്പ	CROP	228	മുളകിലെ മായക്കാഴ്ചകൾ	കീടനാശിനികൾ, പൂപ്പൽ വിഷങ്ങൾ (മൈക്കോടോക്സിൻ), ഘനലോഹങ്ങൾ (ഹെവി മെറ്റൽസ്) എന്നിവ കൂടാതെ ഇഷ്ടികപ്പൊടി, മിനറൽ ഓയിൽ, രാസച്ചായങ്ങൾ, കൽക്കരി, സോപ്പ് കല്ല്, ചോക്ക് പൊടി, പൊടിയുപ്പ് തുടങ്ങിയവയാണ് അജൈവ നിഷ്ക്രിയമായങ്ങളിൽ പ്രധാനപ്പെട്ടവ	2026-05-18T13:31:42.051912
കീടനാശിനി	TREATMENT	used_for	ചായ	CROP	228	മുളകിലെ മായക്കാഴ്ചകൾ	കീടനാശിനികൾ, പൂപ്പൽ വിഷങ്ങൾ (മൈക്കോടോക്സിൻ), ഘനലോഹങ്ങൾ (ഹെവി മെറ്റൽസ്) എന്നിവ കൂടാതെ ഇഷ്ടികപ്പൊടി, മിനറൽ ഓയിൽ, രാസച്ചായങ്ങൾ, കൽക്കരി, സോപ്പ് കല്ല്, ചോക്ക് പൊടി, പൊടിയുപ്പ് തുടങ്ങിയവയാണ് അജൈവ നിഷ്ക്രിയമായങ്ങളിൽ പ്രധാനപ്പെട്ടവ	2026-05-18T13:31:42.051912
പൂപ്പൽ	DISEASE	affects	കപ്പ	CROP	228	മുളകിലെ മായക്കാഴ്ചകൾ	കീടനാശിനികൾ, പൂപ്പൽ വിഷങ്ങൾ (മൈക്കോടോക്സിൻ), ഘനലോഹങ്ങൾ (ഹെവി മെറ്റൽസ്) എന്നിവ കൂടാതെ ഇഷ്ടികപ്പൊടി, മിനറൽ ഓയിൽ, രാസച്ചായങ്ങൾ, കൽക്കരി, സോപ്പ് കല്ല്, ചോക്ക് പൊടി, പൊടിയുപ്പ് തുടങ്ങിയവയാണ് അജൈവ നിഷ്ക്രിയമായങ്ങളിൽ പ്രധാനപ്പെട്ടവ	2026-05-18T13:31:42.051912
പൂപ്പൽ	DISEASE	affects	ചായ	CROP	228	മുളകിലെ മായക്കാഴ്ചകൾ	കീടനാശിനികൾ, പൂപ്പൽ വിഷങ്ങൾ (മൈക്കോടോക്സിൻ), ഘനലോഹങ്ങൾ (ഹെവി മെറ്റൽസ്) എന്നിവ കൂടാതെ ഇഷ്ടികപ്പൊടി, മിനറൽ ഓയിൽ, രാസച്ചായങ്ങൾ, കൽക്കരി, സോപ്പ് കല്ല്, ചോക്ക് പൊടി, പൊടിയുപ്പ് തുടങ്ങിയവയാണ് അജൈവ നിഷ്ക്രിയമായങ്ങളിൽ പ്രധാനപ്പെട്ടവ	2026-05-18T13:31:42.051912
ഇലതീനി പുഴു	PEST	affects	വാഴ	CROP	232	പട്ടാളപ്പുഴു, കമ്പിളിപ്പുഴു, ഇലചുരുട്ടിപ്പുഴു...; വാഴയിലെ പുഴുക്കളെ നാടുകടത്താം	"""വാഴ കൃഷിയെ ഗുരുതരമായി ബാധിക്കുന്ന പ്രധാന കീടമാണ് ഇലതീനി പുഴുക്കൾ"	2026-05-18T13:31:42.101239
ഇലചുരുട്ടിപ്പുഴു	PEST	affects	വാഴ	CROP	232	പട്ടാളപ്പുഴു, കമ്പിളിപ്പുഴു, ഇലചുരുട്ടിപ്പുഴു...; വാഴയിലെ പുഴുക്കളെ നാടുകടത്താം	പട്ടാളപ്പുഴു, കമ്പിളിപ്പുഴു, ഇലചുരുട്ടിപ്പുഴു എന്നിവയുൾപ്പെടെ ഏകദേശം ആറോളം ഇലതീനിപ്പുഴുക്കൾ വാഴകളെ ആക്രമിക്കാറുണ്ട്	2026-05-18T13:31:42.101239
കമ്പിളിപ്പുഴു	PEST	affects	വാഴ	CROP	232	പട്ടാളപ്പുഴു, കമ്പിളിപ്പുഴു, ഇലചുരുട്ടിപ്പുഴു...; വാഴയിലെ പുഴുക്കളെ നാടുകടത്താം	പട്ടാളപ്പുഴു, കമ്പിളിപ്പുഴു, ഇലചുരുട്ടിപ്പുഴു എന്നിവയുൾപ്പെടെ ഏകദേശം ആറോളം ഇലതീനിപ്പുഴുക്കൾ വാഴകളെ ആക്രമിക്കാറുണ്ട്	2026-05-18T13:31:42.101239
പട്ടാളപ്പുഴു	PEST	affects	വാഴ	CROP	232	പട്ടാളപ്പുഴു, കമ്പിളിപ്പുഴു, ഇലചുരുട്ടിപ്പുഴു...; വാഴയിലെ പുഴുക്കളെ നാടുകടത്താം	പട്ടാളപ്പുഴു, കമ്പിളിപ്പുഴു, ഇലചുരുട്ടിപ്പുഴു എന്നിവയുൾപ്പെടെ ഏകദേശം ആറോളം ഇലതീനിപ്പുഴുക്കൾ വാഴകളെ ആക്രമിക്കാറുണ്ട്	2026-05-18T13:31:42.101239
ഇലതീനിപ്പുഴു	PEST	affects	വാഴ	CROP	232	പട്ടാളപ്പുഴു, കമ്പിളിപ്പുഴു, ഇലചുരുട്ടിപ്പുഴു...; വാഴയിലെ പുഴുക്കളെ നാടുകടത്താം	പട്ടാളപ്പുഴു, കമ്പിളിപ്പുഴു, ഇലചുരുട്ടിപ്പുഴു എന്നിവയുൾപ്പെടെ ഏകദേശം ആറോളം ഇലതീനിപ്പുഴുക്കൾ വാഴകളെ ആക്രമിക്കാറുണ്ട്	2026-05-18T13:31:42.101239
പുഴു	PEST	affects	വാഴ	CROP	232	പട്ടാളപ്പുഴു, കമ്പിളിപ്പുഴു, ഇലചുരുട്ടിപ്പുഴു...; വാഴയിലെ പുഴുക്കളെ നാടുകടത്താം	ഈ പുഴുക്കളുടെ ആക്രമണം കാരണം വാഴയിലകളിൽ വട്ടത്തിലുള്ള സുഷിരങ്ങളും പുതുനാമ്പുകളിൽ തുളകളും കാണാം	2026-05-18T13:31:42.103239
പുഴു	PEST	affects	ബീറ്റ്റൂട്ട്	CROP	232	പട്ടാളപ്പുഴു, കമ്പിളിപ്പുഴു, ഇലചുരുട്ടിപ്പുഴു...; വാഴയിലെ പുഴുക്കളെ നാടുകടത്താം	വാഴ, കോട്ടൺ, പുകയില, സോയാബീൻ, കാബേജ്, ബീറ്റ്റൂട്ട്, നിലക്കടല തുടങ്ങിയ പ്രധാന വിളകളെ വൻതോതിൽ നശിപ്പിക്കുന്ന ഈ പുഴുവിനെതിരെ കോക്കുലസ് ലോറിഫോളിയേസ് (ആടുകൊല്ലി) ചെടിയിൽ നിന്ന് വേർതിരിച്ചെടുത്ത ഘടകങ്ങൾ ഉപയോഗിക്കാവുന്നതാണ്	2026-05-18T13:31:42.110239
പുഴു	PEST	affects	നിലക്കടല	CROP	232	പട്ടാളപ്പുഴു, കമ്പിളിപ്പുഴു, ഇലചുരുട്ടിപ്പുഴു...; വാഴയിലെ പുഴുക്കളെ നാടുകടത്താം	വാഴ, കോട്ടൺ, പുകയില, സോയാബീൻ, കാബേജ്, ബീറ്റ്റൂട്ട്, നിലക്കടല തുടങ്ങിയ പ്രധാന വിളകളെ വൻതോതിൽ നശിപ്പിക്കുന്ന ഈ പുഴുവിനെതിരെ കോക്കുലസ് ലോറിഫോളിയേസ് (ആടുകൊല്ലി) ചെടിയിൽ നിന്ന് വേർതിരിച്ചെടുത്ത ഘടകങ്ങൾ ഉപയോഗിക്കാവുന്നതാണ്	2026-05-18T13:31:42.110239
പട്ടാളപ്പുഴു	PEST	affects	കപ്പ	CROP	232	പട്ടാളപ്പുഴു, കമ്പിളിപ്പുഴു, ഇലചുരുട്ടിപ്പുഴു...; വാഴയിലെ പുഴുക്കളെ നാടുകടത്താം	\n\n35-ാമത് കേരള ശാസ്ത്ര കോൺഗ്രസിനോടനുബന്ധിച്ച് കുട്ടിക്കാനത്ത് കേരള വനം ഗവേഷണ കേന്ദ്രം ഒരുക്കിയ സ്റ്റാളിലാണ് ആടുകൊല്ലിയിൽ നിന്ന് വേർതിരിച്ചെടുത്ത ഘടകം ഉപയോഗിച്ച് പട്ടാളപ്പുഴുവിനെ തുരത്താനുള്ള ഈ നൂതന മാർഗ്ഗം നിർദ്ദേശിക്കപ്പെട്ടത്	2026-05-18T13:31:42.113239
വിളവെടുപ്പ്	PRACTICE	applied_to	ചക്ക	CROP	233	വിയറ്റ്‌നാം സൂപ്പര്‍ ഏര്‍ലി എന്ന അത്ഭുത പ്ലാവ്	പ്രധാനമായും തായ്ത്തടിയിൽ മാത്രം ചക്കകൾ ഉണ്ടാകുന്നതുകൊണ്ട് വിളവെടുപ്പ് എളുപ്പമാണ്	2026-05-18T13:31:42.125239
വെള്ളീച്ച	PEST	affects	ചക്ക	CROP	237	ഈ നാടൻ പൊടിക്കൈകൾ ചെയ്തുനോക്കൂ; പച്ചക്കറി കൃഷിയിൽ വിജയം ഉറപ്പ്,	"""വേനൽക്കാലത്ത് പച്ചക്കറികളിൽ സാധാരണയായി കാണുന്ന വെള്ളീച്ച, മൈറ്റുകൾ എന്നിവ മൂലമുണ്ടാകുന്ന മഞ്ഞളിപ്പും ഇലചുരുളലും തടയാൻ വെളുത്തുള്ളി-വേപ്പെണ്ണ മിശ്രിതമോ വേപ്പിൻകുരുസത്തോ രണ്ടാഴ്ചയിലൊരിക്കൽ ചെടികളിൽ തളിക്കുക"	2026-05-18T13:31:42.199555
കാൽസ്യം	FERTILIZER	used_for	അമര	CROP	239	അമരപ്പയർ നടാൻ സമയമായി; പ്രോട്ടീൻ സമ്പന്നം, ഗുണങ്ങളേറെ	\nഎല്ലുകളുടെയും പല്ലുകളുടെയും ആരോഗ്യത്തിന് അത്യന്താപേക്ഷിതമായ കാൽസ്യം അമരപ്പയറിൽ ധാരാളമായി അടങ്ങിയിട്ടുണ്ട്	2026-05-18T13:31:42.247749
ഇരുമ്പ്	FERTILIZER	used_for	അമര	CROP	239	അമരപ്പയർ നടാൻ സമയമായി; പ്രോട്ടീൻ സമ്പന്നം, ഗുണങ്ങളേറെ	\nചുവന്ന രക്താണുക്കളുടെ രൂപീകരണത്തിൽ പ്രധാന പങ്കുവഹിക്കുന്ന ഇരുമ്പ് ധാരാളമായി അമരപ്പയറിൽ അടങ്ങിയിരിക്കുന്നതിനാൽ അനീമിയ പോലുള്ള പ്രശ്നങ്ങൾക്ക് ഇത് ഉത്തമമാണ്	2026-05-18T13:31:42.249762
കായീച്ച	PEST	affects	കപ്പ	CROP	241	കറിവേപ്പിലയിലെ കീടങ്ങളെ തുരത്താം; ഈയൊരു പൊടിക്കൈ മാത്രം പ്രയോഗിച്ചാൽ മതി,	ഈ കെണിയിൽ ആകർഷിക്കപ്പെടുന്ന കായീച്ചകൾ വിഷലിപ്തമായ കഞ്ഞിവെള്ളം കുടിച്ച് നശിക്കും	2026-05-18T13:31:42.292781
ഈർപ്പം	CONDITION	affects	ചക്ക	CROP	242	മഴയെ പേടിയേ വേണ്ട; ഇങ്ങനെ പച്ചക്കറി കൃഷി ചെയ്താൽ വൻ വിളവ് കൊയ്യാം.	പച്ചക്കറിത്തടം ഷീറ്റിട്ട് പുതപ്പിക്കുന്നതിനാൽ തടത്തിലെപ്പോഴും ഈർപ്പം നിലനിൽക്കുന്നു	2026-05-18T13:31:42.321782
പുഴു	PEST	affects	അരി	CROP	243	പട്ടുനൂൽ കൃഷിയിലുണ്ട്, ലാഭത്തി​െ ൻറ വഴികൾ	മുട്ട വിരിഞ്ഞ ശേഷം, പുഴുക്കളെ നെറ്റ് വിരിച്ച മറ്റൊരു വലിയ ട്രേയിലേക്ക് മാറ്റി, ചെറുതായി അരിഞ്ഞ മൾബറി ഇലകൾ രണ്ടര ദിവസം രാവിലെയും വൈകുന്നേരവും ഭക്ഷണമായി നൽകും	2026-05-18T13:31:42.335782
ഇലസത്ത് ലായനി	TREATMENT	used_for	ചക്ക	CROP	247	കീടങ്ങളെ തുരത്തും ഇലസത്ത് ലായനി	"""പച്ചക്കറിത്തോട്ടത്തിലെ കീടങ്ങളെ നിയന്ത്രിക്കാൻ ഫലപ്രദമായ ഒരു ജൈവകീടനാശിനിയാണ് ഇലസത്ത് ലായനി"	2026-05-18T13:31:42.388744
ജൈവകീടനാശിനി	TREATMENT	used_for	ചക്ക	CROP	247	കീടങ്ങളെ തുരത്തും ഇലസത്ത് ലായനി	"""പച്ചക്കറിത്തോട്ടത്തിലെ കീടങ്ങളെ നിയന്ത്രിക്കാൻ ഫലപ്രദമായ ഒരു ജൈവകീടനാശിനിയാണ് ഇലസത്ത് ലായനി"	2026-05-18T13:31:42.388744
നീർവാർച്ച	CONDITION	affects	പരുത്തി	CROP	253	Climate and Soil for Mango cultivation	നീർവാർച്ച കുറവുള്ള കറുത്ത പരുത്തി മണ്ണ് ഒഴികെയുള്ള എക്കൽ മണ്ണ് മുതൽ ലാറ്ററിറ്റിക് മണ്ണ് വരെ ഇത് വളർത്താം	2026-05-18T13:31:42.456332
നടീൽ	PRACTICE	applied_to	വാഴ	CROP	268	Introduction to Banana Cultivation	നടീൽ സീസൺ : തണ്ണീർത്തടം - ഫെബ്രുവരി-ഏപ്രിൽ: പൂവൻ, രസ്താലി, മൊന്താൻ, ഏപ്രിൽ - മെയ്: നേന്ത്രൻ, റോബസ്റ്റ, പൂന്തോട്ട ഭൂമി: ജനുവരി - ഫെബ്രുവരി, നവംബർ - ഡിസംബർ, പദുഗൈ ദേശങ്ങൾ: ജനുവരി - ഫെബ്രുവരി, ഓഗസ്റ്റ് - സെപ്റ്റംബർ, കുന്നിൻ വാഴ : ഏപ്രിൽ - മെയ് (താഴത്തെ പഴനി കുന്നുകൾ), ജൂൺ - ഓഗസ്റ്റ് (സിരുമല)	2026-05-18T13:31:42.620640
വരൾച്ച	CONDITION	affects	ചക്ക	CROP	274	Citrus crops Irrigation and weed control	വരൾച്ചക്കാലത്ത് (വടക്കേ ഇന്ത്യയിൽ ഏപ്രിൽ - ജൂൺ, ദക്ഷിണ-മധ്യ ഇന്ത്യയിൽ ഒക്ടോബർ - ഡിസംബർ) 8-10 ദിവസത്തെ ഇടവേളകളിൽ ചെടികൾക്ക് നനവ് നൽകണം	2026-05-18T13:31:42.674901
ഉഷ്ണമേഖലാ	CONDITION	affects	പപ്പായ	CROP	282	Soil for Pappaya	വേനൽക്കാല താപനില 35″aC മുതൽ 38″aC വരെ വ്യത്യാസപ്പെടുന്ന ഉഷ്ണമേഖലാ കാലാവസ്ഥയിലാണ് പപ്പായ നന്നായി വളരുന്നത്	2026-05-18T13:31:42.744366
താപനില	CONDITION	affects	പപ്പായ	CROP	282	Soil for Pappaya	വേനൽക്കാല താപനില 35″aC മുതൽ 38″aC വരെ വ്യത്യാസപ്പെടുന്ന ഉഷ്ണമേഖലാ കാലാവസ്ഥയിലാണ് പപ്പായ നന്നായി വളരുന്നത്	2026-05-18T13:31:42.744366
നീർവാർച്ച	CONDITION	affects	പപ്പായ	CROP	286	Pappaya Irrigation	നല്ല നീർവാർച്ചയുള്ള മണ്ണിൽ ധാരാളം ജലസേചനം നടത്തുന്നതിന് പപ്പായ നന്നായി പ്രതികരിക്കുന്നു	2026-05-18T13:31:42.773366
ജലസേചനം	PRACTICE	applied_to	പപ്പായ	CROP	286	Pappaya Irrigation	നല്ല നീർവാർച്ചയുള്ള മണ്ണിൽ ധാരാളം ജലസേചനം നടത്തുന്നതിന് പപ്പായ നന്നായി പ്രതികരിക്കുന്നു	2026-05-18T13:31:42.773366
മഴ	CONDITION	affects	പേര	CROP	294	Guava Cropping	വർഷത്തിൽ രണ്ടുതവണ പേരയ്ക്ക പൂക്കുന്നു, ആദ്യം ഏപ്രിൽ-മെയ് മാസങ്ങളിൽ മഴക്കാല വിളകൾക്കും പിന്നീട് ഓഗസ്റ്റ്-സെപ്റ്റംബർ മാസങ്ങളിൽ മഴക്കാല വിളകൾക്കും	2026-05-18T13:31:42.854828
മഴ	CONDITION	affects	കപ്പ	CROP	294	Guava Cropping	മഴക്കാലമായതിനാൽ പഴങ്ങൾ നനഞ്ഞതും ജലാംശം കുറഞ്ഞതും നന്നായി സൂക്ഷിക്കപ്പെടാത്തതുമാണ്	2026-05-18T13:31:42.855824
വരൾച്ച	CONDITION	affects	ചക്ക	CROP	300	Jack Irrigation	മഴയെ ആശ്രയിച്ചാണ് ചക്ക കൃഷി ചെയ്യുന്നതെങ്കിലും, ഇത് വരൾച്ചയെ വളരെ എളുപ്പത്തിൽ നേരിടുന്നു	2026-05-18T13:31:42.902153
മഴ	CONDITION	affects	ചക്ക	CROP	300	Jack Irrigation	മഴയെ ആശ്രയിച്ചാണ് ചക്ക കൃഷി ചെയ്യുന്നതെങ്കിലും, ഇത് വരൾച്ചയെ വളരെ എളുപ്പത്തിൽ നേരിടുന്നു	2026-05-18T13:31:42.902153
മുഞ്ഞ	PEST	affects	പയർ	CROP	305	പയറിലെ മുഞ്ഞയെ കളയാൻ ചില എളുപ്പവിദ്യകൾ	"""പയർ കർഷകരെ വലയ്ക്കുന്ന പ്രധാന പ്രശ്നങ്ങളിലൊന്നാണ് മുഞ്ഞ"	2026-05-18T13:31:42.970486
വരൾച്ച	CONDITION	affects	പയർ	CROP	306	തുവര കൃഷി ചെയ്യാം ഈസിയായി	വരൾച്ചയെ അതിജീവിക്കാനുള്ള കഴിവ് തുവരയെ മറ്റ് പയർവർഗ്ഗങ്ങളിൽ നിന്ന് വ്യത്യസ്തമാക്കുന്നു	2026-05-18T13:31:42.986304
ചകിരിച്ചോറ്	FERTILIZER	used_for	കടല	CROP	309	തക്കാളിച്ചെടി വേഗത്തിൽ കായ്ക്കാൻ വിനാഗിരി ലായനി	വിനാഗിരി ലായനി പ്രയോഗിച്ച ശേഷം ചാണകപ്പൊടി, എല്ലുപൊടി, കടലപ്പിണ്ണാക്ക്, ചകിരിച്ചോറ് കമ്പോസ്റ്റ് തുടങ്ങിയ സാധാരണ വളങ്ങളും ചേർക്കുന്നത് കൂടുതൽ മികച്ച ഫലം നൽകും	2026-05-18T13:31:43.033304
കമ്പോസ്റ്റ്	FERTILIZER	used_for	കടല	CROP	309	തക്കാളിച്ചെടി വേഗത്തിൽ കായ്ക്കാൻ വിനാഗിരി ലായനി	വിനാഗിരി ലായനി പ്രയോഗിച്ച ശേഷം ചാണകപ്പൊടി, എല്ലുപൊടി, കടലപ്പിണ്ണാക്ക്, ചകിരിച്ചോറ് കമ്പോസ്റ്റ് തുടങ്ങിയ സാധാരണ വളങ്ങളും ചേർക്കുന്നത് കൂടുതൽ മികച്ച ഫലം നൽകും	2026-05-18T13:31:43.033304
ചാണകപ്പൊടി	FERTILIZER	used_for	കടല	CROP	309	തക്കാളിച്ചെടി വേഗത്തിൽ കായ്ക്കാൻ വിനാഗിരി ലായനി	വിനാഗിരി ലായനി പ്രയോഗിച്ച ശേഷം ചാണകപ്പൊടി, എല്ലുപൊടി, കടലപ്പിണ്ണാക്ക്, ചകിരിച്ചോറ് കമ്പോസ്റ്റ് തുടങ്ങിയ സാധാരണ വളങ്ങളും ചേർക്കുന്നത് കൂടുതൽ മികച്ച ഫലം നൽകും	2026-05-18T13:31:43.033304
എല്ലുപൊടി	FERTILIZER	used_for	കടല	CROP	309	തക്കാളിച്ചെടി വേഗത്തിൽ കായ്ക്കാൻ വിനാഗിരി ലായനി	വിനാഗിരി ലായനി പ്രയോഗിച്ച ശേഷം ചാണകപ്പൊടി, എല്ലുപൊടി, കടലപ്പിണ്ണാക്ക്, ചകിരിച്ചോറ് കമ്പോസ്റ്റ് തുടങ്ങിയ സാധാരണ വളങ്ങളും ചേർക്കുന്നത് കൂടുതൽ മികച്ച ഫലം നൽകും	2026-05-18T13:31:43.033304
നടീൽ	PRACTICE	applied_to	കുരുമുളക്	CROP	311	വി​ജ​യ് കു​രു​മു​ള​കി​ന് പ്രി​യ​മേ​റു​ന്നു	ഗ്രാമപ്രദേശങ്ങളിലെ കർഷകരുടെ ആവശ്യം പരിഗണിച്ച്, വിജയ് കുരുമുളകിന്റെ നടീൽ വസ്തുക്കൾ കൃഷിഭവന് കീഴിലുള്ള കരിമ്പ ഇക്കോഷോപ്പിൽ ലഭ്യമാണ്	2026-05-18T13:31:43.056554
പൊട്ടാസ്യം	FERTILIZER	used_for	വാഴ	CROP	312	ഇനി വാഴപ്പഴത്തോൽ വെറുതെ കളയണ്ട.	\n\nപൊട്ടാസ്യം കൂടാതെ, കാൽസ്യം, മാംഗനീസ്, സൾഫർ, മഗ്നീഷ്യം തുടങ്ങിയ സുപ്രധാന പോഷകങ്ങളും വാഴത്തോലിൽ അടങ്ങിയിട്ടുണ്ട്, ഇത് ചെടികളുടെ ആരോഗ്യത്തിന് വളരെ നല്ലതാണ്	2026-05-18T13:31:43.061555
കാൽസ്യം	FERTILIZER	used_for	വാഴ	CROP	312	ഇനി വാഴപ്പഴത്തോൽ വെറുതെ കളയണ്ട.	\n\nപൊട്ടാസ്യം കൂടാതെ, കാൽസ്യം, മാംഗനീസ്, സൾഫർ, മഗ്നീഷ്യം തുടങ്ങിയ സുപ്രധാന പോഷകങ്ങളും വാഴത്തോലിൽ അടങ്ങിയിട്ടുണ്ട്, ഇത് ചെടികളുടെ ആരോഗ്യത്തിന് വളരെ നല്ലതാണ്	2026-05-18T13:31:43.061555
നീർവാർച്ച	CONDITION	affects	ബീൻസ്	CROP	314	കൊടുംതണുപ്പൊന്നും വേണ്ട; ബീൻസ് ഇവിടേയും വളരും	നല്ല നീർവാർച്ചയുള്ള പശിമരാശി മണ്ണാണ് ബീൻസ് വളർത്താൻ ഏറ്റവും നല്ലത്	2026-05-18T13:31:43.087519
പുഴു	PEST	affects	ചീര	CROP	315	ഏതു സമയത്തും ഇതുപോലെ ചീര നടാം	\n\nചീരയെ ആക്രമിക്കുന്ന പ്രധാന കീടങ്ങൾ ശലഭങ്ങളുടെ പുഴുക്കളാണ്:\n* **കൂടുകെട്ടിപ്പുഴുക്കൾ:** ഇലകൾ കൂട്ടിയോജിപ്പിച്ച് അതിനുള്ളിലിരുന്ന് തിന്ന് നശിപ്പിക്കുന്നു	2026-05-18T13:31:43.115570
ഇലപ്പുള്ളി രോഗം	DISEASE	affects	ചീര	CROP	315	ഏതു സമയത്തും ഇതുപോലെ ചീര നടാം	\n\n**ഇലപ്പുള്ളി രോഗം:** ചീരയുടെ ഇലകളിൽ അടിവശത്തും ഉപരിതലത്തിലും ഒരുപോലെ പാടുകൾ കാണപ്പെടുന്നു	2026-05-18T13:31:43.121568
പൊട്ടാസ്യം	FERTILIZER	used_for	റംബൂട്ടാൻ	CROP	317	ഒഴിവാക്കരുത്, പോഷകസമൃദ്ധമാണ് റംബൂട്ടാൻ	വിറ്റാമിനുകൾ, കാൽസ്യം, മഗ്നീഷ്യം, പൊട്ടാസ്യം, കാർബോഹൈഡ്രേറ്റുകൾ, ആന്റിഓക്സിഡന്റുകൾ എന്നിവയാൽ സമ്പന്നമാണ് റംബൂട്ടാൻ പഴങ്ങൾ	2026-05-18T13:31:43.162719
കാൽസ്യം	FERTILIZER	used_for	റംബൂട്ടാൻ	CROP	317	ഒഴിവാക്കരുത്, പോഷകസമൃദ്ധമാണ് റംബൂട്ടാൻ	വിറ്റാമിനുകൾ, കാൽസ്യം, മഗ്നീഷ്യം, പൊട്ടാസ്യം, കാർബോഹൈഡ്രേറ്റുകൾ, ആന്റിഓക്സിഡന്റുകൾ എന്നിവയാൽ സമ്പന്നമാണ് റംബൂട്ടാൻ പഴങ്ങൾ	2026-05-18T13:31:43.162719
മഴ	CONDITION	affects	ചോളം	CROP	319	മഴ പെയ്യുമ്പോൾ ചോളം നടാം	\n\nമഴക്കാല വിളയായി കൃഷി ചെയ്യുമ്പോൾ ജൂൺ-ജൂലൈ മാസങ്ങളിൽ നട്ട് ആഗസ്റ്റ്-സെപ്തംബർ മാസങ്ങളിൽ ചോളം വിളവെടുപ്പിന് പാകമാകും	2026-05-18T13:31:43.189176
വേപ്പിൻപിണ്ണാക്ക്	FERTILIZER	used_for	കടല	CROP	320	ഗ്രോബാഗിൽ ഇങ്ങനെ നട്ടാൽ വിളവ് നൂറുമേനി	\n\nഒരുപിടി വേപ്പിൻപിണ്ണാക്ക്, കടലപ്പിണ്ണാക്ക്, എല്ലുപൊടി എന്നിവ അൽപാൽപം ചുവട്ടിൽ നിന്ന് വിട്ട് മണ്ണ്, ചകിരിച്ചോറ് എന്നിവ കൂട്ടിക്കൊടുക്കണം	2026-05-18T13:31:43.220212
ചകിരിച്ചോറ്	FERTILIZER	used_for	കടല	CROP	320	ഗ്രോബാഗിൽ ഇങ്ങനെ നട്ടാൽ വിളവ് നൂറുമേനി	\n\nഒരുപിടി വേപ്പിൻപിണ്ണാക്ക്, കടലപ്പിണ്ണാക്ക്, എല്ലുപൊടി എന്നിവ അൽപാൽപം ചുവട്ടിൽ നിന്ന് വിട്ട് മണ്ണ്, ചകിരിച്ചോറ് എന്നിവ കൂട്ടിക്കൊടുക്കണം	2026-05-18T13:31:43.220212
എല്ലുപൊടി	FERTILIZER	used_for	കടല	CROP	320	ഗ്രോബാഗിൽ ഇങ്ങനെ നട്ടാൽ വിളവ് നൂറുമേനി	\n\nഒരുപിടി വേപ്പിൻപിണ്ണാക്ക്, കടലപ്പിണ്ണാക്ക്, എല്ലുപൊടി എന്നിവ അൽപാൽപം ചുവട്ടിൽ നിന്ന് വിട്ട് മണ്ണ്, ചകിരിച്ചോറ് എന്നിവ കൂട്ടിക്കൊടുക്കണം	2026-05-18T13:31:43.220212
വിളവെടുപ്പ്	PRACTICE	applied_to	വഴുതന	CROP	321	മഴക്കാലത്തെ വഴുതനങ്ങ കൃഷി	ശരിയായ പരിചരണം നൽകിയാൽ മുളകിലും വഴുതനയിലും ആറുമാസത്തോളം വിളവെടുപ്പ് തുടരാൻ സാധിക്കും	2026-05-18T13:31:43.241176
മഴ	CONDITION	affects	ചക്ക	CROP	322	മഴക്കാലത്തും ചെയ്യാം വെണ്ട കൃഷി	"""വേനൽക്കാലത്തേക്കാൾ നന്നായി മഴക്കാലത്തും പച്ചക്കറി കൃഷി ചെയ്യാൻ സാധിക്കും"	2026-05-18T13:31:43.245176
മഴ	CONDITION	affects	പേര	CROP	322	മഴക്കാലത്തും ചെയ്യാം വെണ്ട കൃഷി	\n\nപ്രധാന ഇനങ്ങൾ: 'സുസ്ഥിര' മഴക്കാലത്ത് നടാൻ പറ്റിയ ഇനമാണ്, പേരുപോലെത്തന്നെ ദീർഘകാലം വിളവെടുക്കാൻ സാധിക്കും	2026-05-18T13:31:43.259176
ഇടവിള	PRACTICE	applied_to	വാഴ	CROP	322	മഴക്കാലത്തും ചെയ്യാം വെണ്ട കൃഷി	വാഴത്തോപ്പുകളിൽ ഇടവിളയായും വെണ്ട കൃഷി ചെയ്യാവുന്നതാണ്	2026-05-18T13:31:43.263176
നെൽകൃഷി	PRACTICE	applied_to	ചെറുപയർ	CROP	323	കുട്ടമ്പൂരിലെ ചെറുപയർ പാടം	നെൽകൃഷിയിലെ ലാഭക്കുറവ് കാരണം ജനുവരി, ഫെബ്രുവരി മാസങ്ങളിലാണ് കർഷകർ ചെറുപയർ കൃഷി തിരഞ്ഞെടുക്കുന്നത്	2026-05-18T13:31:43.267176
ജൈവകീടനാശിനി	TREATMENT	used_for	ചക്ക	CROP	324	ജൈവ കീടനാശിനികൾ ഉപയോഗിക്കുന്നത് സുരക്ഷിതമാണോ?	രാസകീടനാശിനികൾ ഉപയോഗിച്ച പച്ചക്കറികൾ ശരീരത്തിന് ദോഷകരമാണെന്ന തിരിച്ചറിവ് ജൈവകീടനാശിനികളിലേക്ക് മാറാൻ നമ്മെ പ്രേരിപ്പിച്ചു	2026-05-18T13:31:43.283176
പൊട്ടാഷ്	FERTILIZER	used_for	കടല	CROP	326	ഗ്രോബാഗിൽ ഇങ്ങനെ വളമിടാം,	\n\nചെടികൾക്ക് ആവശ്യമായ നൈട്രജൻ, ഫോസ്ഫറസ്, പൊട്ടാഷ് (NPK) എന്നിവ ധാരാളമായി അടങ്ങിയ ഒന്നാണ് കടലപ്പിണ്ണാക്ക്	2026-05-18T13:31:43.321176
ഫോസ്ഫറസ്	FERTILIZER	used_for	കടല	CROP	326	ഗ്രോബാഗിൽ ഇങ്ങനെ വളമിടാം,	\n\nചെടികൾക്ക് ആവശ്യമായ നൈട്രജൻ, ഫോസ്ഫറസ്, പൊട്ടാഷ് (NPK) എന്നിവ ധാരാളമായി അടങ്ങിയ ഒന്നാണ് കടലപ്പിണ്ണാക്ക്	2026-05-18T13:31:43.321176
നൈട്രജൻ	FERTILIZER	used_for	കടല	CROP	326	ഗ്രോബാഗിൽ ഇങ്ങനെ വളമിടാം,	\n\nചെടികൾക്ക് ആവശ്യമായ നൈട്രജൻ, ഫോസ്ഫറസ്, പൊട്ടാഷ് (NPK) എന്നിവ ധാരാളമായി അടങ്ങിയ ഒന്നാണ് കടലപ്പിണ്ണാക്ക്	2026-05-18T13:31:43.321176
മുഞ്ഞ	PEST	affects	പയർ	CROP	327	എന്നും എപ്പോഴും പയർ	\n\nപയർ കൃഷിയുടെ പ്രധാന ശത്രു മുഞ്ഞയാണ് (പയർപേൻ)	2026-05-18T13:31:43.331177
ചാഴി	PEST	affects	പയർ	CROP	327	എന്നും എപ്പോഴും പയർ	\n\nപയർ ചാഴിയെ തുരത്താൻ വൈകുന്നേരങ്ങളിൽ കൃഷിയിടത്തിന് സമീപം പന്തം കത്തിച്ചുവെക്കുക	2026-05-18T13:31:43.337176
പുഴു	PEST	affects	പയർ	CROP	327	എന്നും എപ്പോഴും പയർ	ഇത് പയർചാഴിക്കും കായ്തുരപ്പൻ പുഴുവിനും എതിരെ ഫലപ്രദമാണ്	2026-05-18T13:31:43.341176
വേപ്പിൻ പിണ്ണാക്ക്	FERTILIZER	used_for	കടല	CROP	330	ശൈത്യകാല പച്ചക്കറി കൃഷിക്ക് ഒരുങ്ങാം,	രണ്ടാഴ്ച കഴിഞ്ഞ് മണ്ണിര കമ്പോസ്റ്റ്, കടലപ്പിണ്ണാക്ക്, വേപ്പിൻ പിണ്ണാക്ക് എന്നിവ 2:1:1 അനുപാതത്തിൽ ചെടികൾക്ക് ചുറ്റുമിട്ട് മണ്ണ് മുകളിൽ വിതറണം	2026-05-18T13:31:43.391766
കമ്പോസ്റ്റ്	FERTILIZER	used_for	കടല	CROP	330	ശൈത്യകാല പച്ചക്കറി കൃഷിക്ക് ഒരുങ്ങാം,	രണ്ടാഴ്ച കഴിഞ്ഞ് മണ്ണിര കമ്പോസ്റ്റ്, കടലപ്പിണ്ണാക്ക്, വേപ്പിൻ പിണ്ണാക്ക് എന്നിവ 2:1:1 അനുപാതത്തിൽ ചെടികൾക്ക് ചുറ്റുമിട്ട് മണ്ണ് മുകളിൽ വിതറണം	2026-05-18T13:31:43.391766
ഇലതീനി പുഴു	PEST	affects	ചക്ക	CROP	330	ശൈത്യകാല പച്ചക്കറി കൃഷിക്ക് ഒരുങ്ങാം,	\n\nശീതകാല പച്ചക്കറികളിൽ സാധാരണയായി കണ്ടുവരുന്നത് ഇലതീനി പുഴുക്കളാണ്	2026-05-18T13:31:43.399799
സ്യൂഡോമോണാസ്	TREATMENT	used_for	മുളക്	CROP	331	പച്ചക്കറി കൃഷിക്ക് ഒരുങ്ങുകയാണോ? വിത്ത് മുളപ്പിക്കുമ്പോൾ ശ്രദ്ധിക്കേണം ഇക്കാര്യങ്ങൾ,	\n\n**വിത്ത് തിരഞ്ഞെടുപ്പും നടീൽ രീതിയും:**\n* **ചെറിയ വിത്തുകൾ:** ചീര, മുളക്, മുള്ളങ്കി, തക്കാളി, വഴുതന തുടങ്ങിയ ചെറിയ വിത്തുകൾ ഒരു കോട്ടൺ തുണിയിൽ കിഴികെട്ടി 2 മണിക്കൂർ വെള്ളത്തിലോ സ്യൂഡോമോണാസ് ലായനിയിലോ കുതിർത്ത ശേഷം നേരിട്ട് മണ്ണിൽ നടാം	2026-05-18T13:31:43.420799
സ്യൂഡോമോണാസ്	TREATMENT	used_for	വഴുതന	CROP	331	പച്ചക്കറി കൃഷിക്ക് ഒരുങ്ങുകയാണോ? വിത്ത് മുളപ്പിക്കുമ്പോൾ ശ്രദ്ധിക്കേണം ഇക്കാര്യങ്ങൾ,	\n\n**വിത്ത് തിരഞ്ഞെടുപ്പും നടീൽ രീതിയും:**\n* **ചെറിയ വിത്തുകൾ:** ചീര, മുളക്, മുള്ളങ്കി, തക്കാളി, വഴുതന തുടങ്ങിയ ചെറിയ വിത്തുകൾ ഒരു കോട്ടൺ തുണിയിൽ കിഴികെട്ടി 2 മണിക്കൂർ വെള്ളത്തിലോ സ്യൂഡോമോണാസ് ലായനിയിലോ കുതിർത്ത ശേഷം നേരിട്ട് മണ്ണിൽ നടാം	2026-05-18T13:31:43.420799
സ്യൂഡോമോണാസ്	TREATMENT	used_for	ചീര	CROP	331	പച്ചക്കറി കൃഷിക്ക് ഒരുങ്ങുകയാണോ? വിത്ത് മുളപ്പിക്കുമ്പോൾ ശ്രദ്ധിക്കേണം ഇക്കാര്യങ്ങൾ,	\n\n**വിത്ത് തിരഞ്ഞെടുപ്പും നടീൽ രീതിയും:**\n* **ചെറിയ വിത്തുകൾ:** ചീര, മുളക്, മുള്ളങ്കി, തക്കാളി, വഴുതന തുടങ്ങിയ ചെറിയ വിത്തുകൾ ഒരു കോട്ടൺ തുണിയിൽ കിഴികെട്ടി 2 മണിക്കൂർ വെള്ളത്തിലോ സ്യൂഡോമോണാസ് ലായനിയിലോ കുതിർത്ത ശേഷം നേരിട്ട് മണ്ണിൽ നടാം	2026-05-18T13:31:43.420799
നടീൽ	PRACTICE	applied_to	മുളക്	CROP	331	പച്ചക്കറി കൃഷിക്ക് ഒരുങ്ങുകയാണോ? വിത്ത് മുളപ്പിക്കുമ്പോൾ ശ്രദ്ധിക്കേണം ഇക്കാര്യങ്ങൾ,	\n\n**വിത്ത് തിരഞ്ഞെടുപ്പും നടീൽ രീതിയും:**\n* **ചെറിയ വിത്തുകൾ:** ചീര, മുളക്, മുള്ളങ്കി, തക്കാളി, വഴുതന തുടങ്ങിയ ചെറിയ വിത്തുകൾ ഒരു കോട്ടൺ തുണിയിൽ കിഴികെട്ടി 2 മണിക്കൂർ വെള്ളത്തിലോ സ്യൂഡോമോണാസ് ലായനിയിലോ കുതിർത്ത ശേഷം നേരിട്ട് മണ്ണിൽ നടാം	2026-05-18T13:31:43.420799
നടീൽ	PRACTICE	applied_to	വഴുതന	CROP	331	പച്ചക്കറി കൃഷിക്ക് ഒരുങ്ങുകയാണോ? വിത്ത് മുളപ്പിക്കുമ്പോൾ ശ്രദ്ധിക്കേണം ഇക്കാര്യങ്ങൾ,	\n\n**വിത്ത് തിരഞ്ഞെടുപ്പും നടീൽ രീതിയും:**\n* **ചെറിയ വിത്തുകൾ:** ചീര, മുളക്, മുള്ളങ്കി, തക്കാളി, വഴുതന തുടങ്ങിയ ചെറിയ വിത്തുകൾ ഒരു കോട്ടൺ തുണിയിൽ കിഴികെട്ടി 2 മണിക്കൂർ വെള്ളത്തിലോ സ്യൂഡോമോണാസ് ലായനിയിലോ കുതിർത്ത ശേഷം നേരിട്ട് മണ്ണിൽ നടാം	2026-05-18T13:31:43.420799
നടീൽ	PRACTICE	applied_to	ചീര	CROP	331	പച്ചക്കറി കൃഷിക്ക് ഒരുങ്ങുകയാണോ? വിത്ത് മുളപ്പിക്കുമ്പോൾ ശ്രദ്ധിക്കേണം ഇക്കാര്യങ്ങൾ,	\n\n**വിത്ത് തിരഞ്ഞെടുപ്പും നടീൽ രീതിയും:**\n* **ചെറിയ വിത്തുകൾ:** ചീര, മുളക്, മുള്ളങ്കി, തക്കാളി, വഴുതന തുടങ്ങിയ ചെറിയ വിത്തുകൾ ഒരു കോട്ടൺ തുണിയിൽ കിഴികെട്ടി 2 മണിക്കൂർ വെള്ളത്തിലോ സ്യൂഡോമോണാസ് ലായനിയിലോ കുതിർത്ത ശേഷം നേരിട്ട് മണ്ണിൽ നടാം	2026-05-18T13:31:43.420799
സ്യൂഡോമോണാസ്	TREATMENT	used_for	പടവലം	CROP	331	പച്ചക്കറി കൃഷിക്ക് ഒരുങ്ങുകയാണോ? വിത്ത് മുളപ്പിക്കുമ്പോൾ ശ്രദ്ധിക്കേണം ഇക്കാര്യങ്ങൾ,	\n* **വലിയ വിത്തുകൾ:** വെണ്ട, പയർ, വെള്ളരി, പാവൽ, പടവലം, മത്തൻ, കുമ്പളം തുടങ്ങിയ വലിയ വിത്തുകൾ 4-6 മണിക്കൂർ വെള്ളത്തിലോ സ്യൂഡോമോണാസ് ലായനിയിലോ കുതിർത്ത് മുളപ്പിച്ച ശേഷം നടുന്നതാണ് നല്ലത്	2026-05-18T13:31:43.421799
സ്യൂഡോമോണാസ്	TREATMENT	used_for	പാവൽ	CROP	331	പച്ചക്കറി കൃഷിക്ക് ഒരുങ്ങുകയാണോ? വിത്ത് മുളപ്പിക്കുമ്പോൾ ശ്രദ്ധിക്കേണം ഇക്കാര്യങ്ങൾ,	\n* **വലിയ വിത്തുകൾ:** വെണ്ട, പയർ, വെള്ളരി, പാവൽ, പടവലം, മത്തൻ, കുമ്പളം തുടങ്ങിയ വലിയ വിത്തുകൾ 4-6 മണിക്കൂർ വെള്ളത്തിലോ സ്യൂഡോമോണാസ് ലായനിയിലോ കുതിർത്ത് മുളപ്പിച്ച ശേഷം നടുന്നതാണ് നല്ലത്	2026-05-18T13:31:43.421799
സ്യൂഡോമോണാസ്	TREATMENT	used_for	പയർ	CROP	331	പച്ചക്കറി കൃഷിക്ക് ഒരുങ്ങുകയാണോ? വിത്ത് മുളപ്പിക്കുമ്പോൾ ശ്രദ്ധിക്കേണം ഇക്കാര്യങ്ങൾ,	\n* **വലിയ വിത്തുകൾ:** വെണ്ട, പയർ, വെള്ളരി, പാവൽ, പടവലം, മത്തൻ, കുമ്പളം തുടങ്ങിയ വലിയ വിത്തുകൾ 4-6 മണിക്കൂർ വെള്ളത്തിലോ സ്യൂഡോമോണാസ് ലായനിയിലോ കുതിർത്ത് മുളപ്പിച്ച ശേഷം നടുന്നതാണ് നല്ലത്	2026-05-18T13:31:43.421799
നെൽകൃഷി	PRACTICE	applied_to	പരുത്തി	CROP	335	കേരളമണ്ണില്‍ ബംഗാള്‍ വിത്തിന് നൂറുമേനി	\n\nകാട്ടിപ്പരുത്തി പാടശേഖരത്തിൽ സ്വന്തമായും പാട്ടത്തിനെടുത്തും മറ്റുമായി 14 ഏക്കറിലാണ് അബൂയൂസഫ് ഗുരുക്കൾ നെൽകൃഷി ചെയ്യുന്നത്	2026-05-18T13:31:43.544112
മഴ	CONDITION	affects	ചുരക്ക	CROP	338	ചു​ര​ക്ക കൃ​ഷി​ചെ​യ്യാം മി​ക​ച്ച വി​ള​വ് നേ​ടാം	വേനൽക്കാലത്തും മഴക്കാലത്തും ചുരക്ക കൃഷി ചെയ്യാം	2026-05-18T13:31:43.621115
വരൾച്ച	CONDITION	affects	ചുരക്ക	CROP	338	ചു​ര​ക്ക കൃ​ഷി​ചെ​യ്യാം മി​ക​ച്ച വി​ള​വ് നേ​ടാം	വരൾച്ചയെ അതിജീവിക്കാൻ ചുരക്കയ്ക്ക് കഴിയും	2026-05-18T13:31:43.630115
വൈറസ്	DISEASE	affects	പാവൽ	CROP	342	നന്നായി പാവൽ ഉണ്ടാകാൻ ഇങ്ങനെ പരിചരിക്കാം	\n\nപാവൽ ചെടികളിൽ ഇലപ്പരപ്പിൽ പച്ചയും മഞ്ഞയും കലർന്ന നിറങ്ങൾ കാണപ്പെടുക, ഇലകൾ മുരടിക്കുക, പുതിയ ഇലകൾ ചെറുതാകുകയും മുരടിക്കുകയും ചെയ്യുക, ശാഖകളുടെ എണ്ണം കുറയുകയും കായ്പിടിത്തം തീരെ കുറയുകയും ചെയ്യുക എന്നിവ വൈറസ് രോഗബാധയുടെ ലക്ഷണങ്ങളാണ്	2026-05-18T13:31:43.747938
വെളുത്തുള്ളി മിശ്രിതം	TREATMENT	used_for	ആവണക്കെണ്ണ	CROP	342	നന്നായി പാവൽ ഉണ്ടാകാൻ ഇങ്ങനെ പരിചരിക്കാം	രോഗവാഹകരായ കീടങ്ങളെ നശിപ്പിക്കാൻ വേപ്പെണ്ണ, ആവണക്കെണ്ണ-വെളുത്തുള്ളി മിശ്രിതം അല്ലെങ്കിൽ രണ്ട് ശതമാനം വീര്യമുള്ള വേപ്പധിഷ്ഠിത കീടനാശിനി എന്നിവ ഉപയോഗിക്കുക	2026-05-18T13:31:43.750937
കീടനാശിനി	TREATMENT	used_for	ആവണക്കെണ്ണ	CROP	342	നന്നായി പാവൽ ഉണ്ടാകാൻ ഇങ്ങനെ പരിചരിക്കാം	രോഗവാഹകരായ കീടങ്ങളെ നശിപ്പിക്കാൻ വേപ്പെണ്ണ, ആവണക്കെണ്ണ-വെളുത്തുള്ളി മിശ്രിതം അല്ലെങ്കിൽ രണ്ട് ശതമാനം വീര്യമുള്ള വേപ്പധിഷ്ഠിത കീടനാശിനി എന്നിവ ഉപയോഗിക്കുക	2026-05-18T13:31:43.750937
പ്രൂണിങ്	PRACTICE	applied_to	മാവ്	CROP	343	വീട്ടുവളപ്പിലെ മാവുകൾ നന്നായി ഫലം തരാൻ ചെയ്യേണ്ടത്.	\n\n**പ്രൂണിങ് രീതികൾ:**\n\nമാവ് 60-80 സെന്റിമീറ്റർ ഉയരമാകുമ്പോൾ മണ്ട മുറിക്കുക	2026-05-18T13:31:43.774971
കുമ്മായം	TREATMENT	used_for	കപ്പ	CROP	345	ഏതു കാലാവസ്ഥയിലും ചെയ്യാം പയർകൃഷി	കൃഷിയിടം നന്നായി ഉഴുതുമറിച്ച് കട്ടകൾ ഉടച്ച് മണ്ണ് പാകപ്പെടുത്തിയ ശേഷം കുമ്മായം ചേർക്കണം	2026-05-18T13:31:43.825860
വിളവെടുപ്പ്	PRACTICE	applied_to	പയർ	CROP	345	ഏതു കാലാവസ്ഥയിലും ചെയ്യാം പയർകൃഷി	പയർ അധികം മൂക്കും മുമ്പേ വിളവെടുപ്പ് ആരംഭിക്കണം	2026-05-18T13:31:43.833860
വാട്ടരോഗം	DISEASE	affects	മുളക്	CROP	346	റബർ തോട്ടത്തിൽ നടാം വെള്ളക്കാന്താരി	\n\n**വാട്ടരോഗം:**\nമുളക് കൃഷിയിൽ സാധാരണയായി കാണുന്ന രോഗമാണ് ചെടികൾ പെട്ടെന്ന് വാടിപ്പോകുന്നത്	2026-05-18T13:31:43.882874
കീടനാശിനി	TREATMENT	used_for	കപ്പ	CROP	348	വരുന്നത് ചുട്ടുപൊള്ളുന്ന ദിനങ്ങൾ, വിളകളെ എങ്ങനെ സംരക്ഷിക്കാം	ജൈവ കീടനാശിനികളും ആവശ്യമെങ്കിൽ രാസവള കുമിൾനാശിനികളും നിർദ്ദേശിക്കപ്പെട്ട അളവിൽ ഉപയോഗിക്കാം	2026-05-18T13:31:43.922843
മഴ	CONDITION	affects	പയർ	CROP	348	വരുന്നത് ചുട്ടുപൊള്ളുന്ന ദിനങ്ങൾ, വിളകളെ എങ്ങനെ സംരക്ഷിക്കാം	തെങ്ങിൻതോപ്പുകളും മറ്റും വേനൽക്കാലത്ത് ഉഴുത്, വേനൽമഴ ലഭിച്ച ശേഷം പയർവിത്ത് വിതയ്ക്കുന്ന പഴയ സമ്പ്രദായം തിരികെ കൊണ്ടുവരേണ്ടതുണ്ട്	2026-05-18T13:31:43.927197
ഇടവിള	PRACTICE	applied_to	നിലക്കടല	CROP	359	Custard Apple intercultivation	നടീലിന്റെ ആദ്യ വർഷങ്ങളിൽ നിലക്കടല, ചെറുധാന്യങ്ങൾ, പയർ, ലിൻസീഡ് തുടങ്ങിയ ഇടവിളകൾ വളർത്താം	2026-05-18T13:31:44.148148
ഇടവിള	PRACTICE	applied_to	പയർ	CROP	359	Custard Apple intercultivation	നടീലിന്റെ ആദ്യ വർഷങ്ങളിൽ നിലക്കടല, ചെറുധാന്യങ്ങൾ, പയർ, ലിൻസീഡ് തുടങ്ങിയ ഇടവിളകൾ വളർത്താം	2026-05-18T13:31:44.148148
ഇടവിള	PRACTICE	applied_to	പപ്പായ	CROP	364	Ber Interculture and pruning	ആവശ്യത്തിന് ജലസേചന സൗകര്യമുണ്ടെങ്കിൽ ആദ്യത്തെ മൂന്ന് വർഷം പപ്പായ അല്ലെങ്കിൽ ഫാൽസ ഇടവിളയായി വളർത്താം	2026-05-18T13:31:44.194147
നീർവാർച്ച	CONDITION	affects	നെല്ലിക്ക	CROP	369	Amla climate and coil requirements	നല്ല നീർവാർച്ചയുള്ള പശിമരാശി മണ്ണിൽ നെല്ലിക്ക മരങ്ങൾ വേഗത്തിൽ വളരുന്നുണ്ടെങ്കിലും, കനത്ത കളിമണ്ണിലും ആദ്യത്തെ 2 - 3 വർഷങ്ങളിൽ വിള വളർച്ചയുടെ ആദ്യ ഘട്ടത്തിൽ കനത്ത മഴയുള്ളപ്പോൾ നേരിയ നീർവാർച്ച ക്രമീകരിച്ചാൽ അവയ്ക്ക് വളരാൻ കഴിയും	2026-05-18T13:31:44.228253
മഴ	CONDITION	affects	നെല്ലിക്ക	CROP	369	Amla climate and coil requirements	നല്ല നീർവാർച്ചയുള്ള പശിമരാശി മണ്ണിൽ നെല്ലിക്ക മരങ്ങൾ വേഗത്തിൽ വളരുന്നുണ്ടെങ്കിലും, കനത്ത കളിമണ്ണിലും ആദ്യത്തെ 2 - 3 വർഷങ്ങളിൽ വിള വളർച്ചയുടെ ആദ്യ ഘട്ടത്തിൽ കനത്ത മഴയുള്ളപ്പോൾ നേരിയ നീർവാർച്ച ക്രമീകരിച്ചാൽ അവയ്ക്ക് വളരാൻ കഴിയും	2026-05-18T13:31:44.228253
ഇടവിള	PRACTICE	applied_to	ചെറുപയർ	CROP	371	Amla planting, pruning, irrigation and intercultivation	വിള വളർച്ചയുടെ ആദ്യഘട്ടങ്ങളിൽ വൻപയർ, ചെറുപയർ തുടങ്ങിയ ഇടവിളകൾ 4-5 വർഷം വരെ വളർത്താം	2026-05-18T13:31:44.248234
ഉഷ്ണമേഖലാ	CONDITION	affects	ആപ്പിൾ	CROP	374	Wood Apple climate and soil requirements	സമുദ്രനിരപ്പിൽ നിന്ന് 1400 മീറ്റർ ഉയരം വരെയുള്ള ഉഷ്ണമേഖലാ, ഉപ ഉഷ്ണമേഖലാ പ്രദേശങ്ങളിലെ വരണ്ട പ്രദേശങ്ങളിൽ വുഡ് ആപ്പിൾ വളർത്താം	2026-05-18T13:31:44.279286
ഇടവിള	PRACTICE	applied_to	പയർ	CROP	382	Bael planting and interculture	ആദ്യകാലങ്ങളിൽ ഏതെങ്കിലും പയർവർഗ്ഗങ്ങളോ തീറ്റപ്പുല്ലുകളോ ഇടവിളയായി എടുക്കാം	2026-05-18T13:31:44.332873
കമ്പോസ്റ്റ്	FERTILIZER	used_for	ചക്ക	CROP	406	മാലിന്യം ഒഴിവാക്കാനും വളത്തിനും പൈപ്പ് കമ്പോസ്റ്റ്,	പലരും പ്ലാസ്റ്റിക് കൂടുകളിൽ മാലിന്യം കെട്ടി വഴിയരികിൽ തള്ളുന്നത് പതിവാണെങ്കിലും, അല്പം ശ്രദ്ധിച്ചാൽ ഈ മാലിന്യം ഒഴിവാക്കാനും പച്ചക്കറികൾക്ക് ആവശ്യമായ വളം ഉത്പാദിപ്പിക്കാനും പൈപ്പ് കമ്പോസ്റ്റ് ഉപയോഗിക്കാം	2026-05-18T13:31:44.621524
വളപ്രയോഗം	PRACTICE	applied_to	പയർ	CROP	413	"അധിക വളപ്രയോഗം വേണ്ട, തുടർച്ചയായ മഴയും അമിതമായ ചൂടും ദോഷം ചെയ്യും; നീല അമരി കൃഷി എങ്ങനെ?"""	പയർ വർഗ്ഗത്തിൽപ്പെട്ട ചെടിയായതിനാൽ, ഇതിന്റെ വേരിലെ മുഴകളിലൂടെ നൈട്രജൻ ഉത്പാദിപ്പിക്കുന്നതിനാൽ അധിക വളപ്രയോഗം ആവശ്യമില്ല	2026-05-18T13:31:44.850750
നൈട്രജൻ	FERTILIZER	used_for	പയർ	CROP	413	"അധിക വളപ്രയോഗം വേണ്ട, തുടർച്ചയായ മഴയും അമിതമായ ചൂടും ദോഷം ചെയ്യും; നീല അമരി കൃഷി എങ്ങനെ?"""	പയർ വർഗ്ഗത്തിൽപ്പെട്ട ചെടിയായതിനാൽ, ഇതിന്റെ വേരിലെ മുഴകളിലൂടെ നൈട്രജൻ ഉത്പാദിപ്പിക്കുന്നതിനാൽ അധിക വളപ്രയോഗം ആവശ്യമില്ല	2026-05-18T13:31:44.850750
ഇടവിള	PRACTICE	applied_to	തെങ്ങ്	CROP	414	ആടലോടകം കൃഷി: നട്ട് ആദ്യവർഷം ഇലകൾ വിളവെടുക്കാം രണ്ട് വർഷം കഴിഞ്ഞ് വേരുകളും, ഇടവിളയായും കൃഷി ചെയ്യാം	ഒറ്റയ്ക്കോ തെങ്ങിന്റെയും റബ്ബറിന്റെയും ഇടവിളയായോ ആടലോടകം കൃഷി ചെയ്യാം	2026-05-18T13:31:44.866745
ജൈവവളം	FERTILIZER	used_for	വാഴ	CROP	416	ഗർഭാശയ അസുഖങ്ങൾക്കും ത്വക് രോഗങ്ങൾക്കും ഫലപ്രദം; ഇത് കറ്റാർവാഴ കൃഷിക്ക് അനുയോജ്യമായ സമയം,	\n\nകറ്റാർവാഴയുടെ വേരുകൾ 20-30 സെന്റീമീറ്റർ വരെ ആഴത്തിൽ ഇറങ്ങുന്നതിനാൽ, നിലം നന്നായി ഉഴുത് അവസാന ഉഴുതുമറിക്കലിന്റെ സമയത്ത് ജൈവവളം ചേർക്കണം	2026-05-18T13:31:44.927749
മഴ	CONDITION	affects	ഇഞ്ചി	CROP	417	വയനാട്ടിൽ ഇഞ്ചിവിപ്ലവം: കുടകിലെ ക്ഷീണകാലത്തിന് വിട; നാടുവിട്ടവർ തിരികെവരികയാണ്, സ്വന്തം തൊടിയിലേക്ക്	കാലാവസ്ഥാ മാറ്റങ്ങൾ ഇഞ്ചിക്കൃഷിക്ക് വെല്ലുവിളിയാകാമെന്നും, മഴവെള്ളം ഗ്രോ ബാഗുകളിൽ കെട്ടിനിൽക്കുന്നത് ഇഞ്ചി ചീയാൻ കാരണമാകുമെന്നും ബോബി മുന്നറിയിപ്പ് നൽകുന്നു	2026-05-18T13:31:44.956101
ജലസേചനം	PRACTICE	applied_to	ഇഞ്ചി	CROP	418	ഇഞ്ചി എന്ന മഹൗഷധി; അറിയാം കൃഷിയും പരിപാലനവും	മഴയെ ആശ്രയിച്ചും കൃത്രിമ ജലസേചനം ഉപയോഗിച്ചും ഇഞ്ചി കൃഷി നടത്താം	2026-05-18T13:31:44.974564
മഴ	CONDITION	affects	ഇഞ്ചി	CROP	418	ഇഞ്ചി എന്ന മഹൗഷധി; അറിയാം കൃഷിയും പരിപാലനവും	മഴയെ ആശ്രയിച്ചും കൃത്രിമ ജലസേചനം ഉപയോഗിച്ചും ഇഞ്ചി കൃഷി നടത്താം	2026-05-18T13:31:44.974564
ഇടവിള	PRACTICE	applied_to	പേര	CROP	419	ശരീരവേദനയും നീരും കുറയ്ക്കും വിഷശമനമായും ഉപയോ​ഗിക്കാം; ഓരില കൃഷി എങ്ങനെ?	ഭാഗിക തണലിനെ അതിജീവിക്കാൻ കഴിവുള്ളതിനാൽ മാങ്ങ, പേരക്ക തുടങ്ങിയ തോട്ടങ്ങളിൽ ഇടവിളയായും ഓരില കൃഷി ചെയ്യാവുന്നതാണ്	2026-05-18T13:31:45.012671
വിളവെടുപ്പ്	PRACTICE	applied_to	ജാതി	CROP	420	ജാതിപത്രിക്ക് മാത്രമല്ല, ജാതിത്തൊണ്ടിനുമുണ്ട് മൂല്യം; മരുന്ന് മാത്രമല്ല, കാൻഡിയും ഉണ്ടാക്കാം	"""കേരളത്തിൽ ജൂൺ മുതൽ ഓഗസ്റ്റ് വരെയാണ് ജാതിക്കയുടെ വിളവെടുപ്പ് കാലം"	2026-05-18T13:31:45.021603
മഴ	CONDITION	affects	റംബൂട്ടാൻ	CROP	420	ജാതിപത്രിക്ക് മാത്രമല്ല, ജാതിത്തൊണ്ടിനുമുണ്ട് മൂല്യം; മരുന്ന് മാത്രമല്ല, കാൻഡിയും ഉണ്ടാക്കാം	എന്നാൽ, ശക്തമായ മഴ റംബൂട്ടാൻ കായ് കൊഴിയുന്നതിന് കാരണമാകുന്നുണ്ട്	2026-05-18T13:31:45.040592
കീടനാശിനി	TREATMENT	used_for	ചക്ക	CROP	428	കീടനാശിനി വേണ്ടാത്ത പച്ചക്കറി, പ്രതിദിനം വിൽക്കുന്നത് 25000 കിലോ വരെ; 25 ഏക്കറിൽ നിറയെ കായ്ച്ച് ചൗചൗ	കീടനാശിനികൾ ആവശ്യമില്ലാത്ത ഏക പച്ചക്കറിയാണ് ചൗചൗ എന്ന് ബിന്ദുവിൻ്റെ മകൻ ജിതിൻ പറയുന്നു	2026-05-18T13:31:45.261060
ചീയൽ	DISEASE	affects	ചക്ക	CROP	431	ഒന്നരവർഷത്തിൽ കായ്ക്കും, 12 അടിമാത്രം വളർച്ച; ചക്കപ്രിയരേ.. വിയറ്റ്നാം സൂപ്പർ ഏർലി സൂപ്പറാണ്	ചക്ക ധാരാളമായി ഉണ്ടാകുമെങ്കിലും ചില സ്ഥലങ്ങളിൽ കായ ചീയൽ വ്യാപകമായി കാണാറുണ്ട്	2026-05-18T13:31:45.375207
